,0.001,0.01,0.99,0.999
MGEL3,0.0,0.0,0.0,0.0
BRKM5,-0.1882845159331718,-0.0738233417863338,0.07869172741735032,0.19459778140708717
VIVR3,-0.4054650689958948,-0.22314357478157082,0.28768211156405055,0.4054650689958948
DASA3,-0.15823808936153044,-0.08926059722655943,0.10050194069138513,0.1948441805520137
ACNB34,-0.1022636965974059,-0.04903219786336122,0.05811891983210152,0.11528068621648445
HYPE3,-0.11355611690673074,-0.057508946508484926,0.05676804560791076,0.1048617890626306
WEGE3,-0.1022031682767892,-0.04822839464056049,0.05029362631968813,0.0885878385528054
XBOV11,-0.10303429519765202,-0.03847808069647649,0.036767058141700885,0.07128241633568391
EGIE3,-0.0654258672370474,-0.03891546198046225,0.040264734797138386,0.05792970840696769
SLED4,-0.1802098203107815,-0.10199701643159907,0.09657295268708121,0.34284223523176083
VALE3,-0.11928430901963064,-0.06314512221943229,0.06792349673083473,0.10508361753885892
WUNI34,-0.10797998835569247,-0.05732903474219211,0.0570605938674632,0.14148753322037022
MRCK34,-0.08585778565327329,-0.0466751392695048,0.04907114193652159,0.09763604017659222
GSHP3,-0.2538705892943513,-0.09564954359835653,0.09357408751153451,0.3015134503116973
SNSY3,-0.5896386640478275,-0.13413526096986553,0.1387042507102895,0.6921393081387337
MSPA3,-0.2587717950188855,-0.012682698559029185,0.036929794460827045,0.2504446171835034
MRSA5B,-0.19700651349425408,-0.03613775441758483,0.10172318316658661,0.3165199515405325
EQTL3,-0.09506483587717694,-0.041936018285580794,0.04586188963439163,0.07746686457151405
MYPK3,-0.13840660562594959,-0.06209289266645739,0.06576808798940718,0.130635280913339
BOAC34,-0.13302638135070516,-0.05272476725184511,0.0629229712210722,0.22167044628180826
ODER4,0.0,0.0,0.003506109090064815,0.6584617584169056
ENMT3,-0.2553502347601517,-0.09297978884965342,0.08022629063167246,0.255720462856484
SOND6,-0.212449469423379,-0.08655991961954665,0.13001905368032368,0.280732763980634
PATI3,-0.21271896236815974,-0.09962788104171139,0.09720045742499593,0.25813447043750537
EUCA4,-0.1270072622534837,-0.07613807053312623,0.08515784291627458,0.14975431088048072
FICT3,-0.30400314827712493,-0.223143283760585,0.25131452985042546,0.4912119160939493
TXRX3,-0.6660160816448473,-0.19510112773849944,0.20875408788662614,0.6941658388988047
HBOR3,-0.208611111549045,-0.08103665791153357,0.09045383159930916,0.1883504511432438
MAPT3,-0.3667383401600028,-0.0763038242960532,0.0,0.51183087921995
LUPA3,-0.33193166694382525,-0.15917243304932502,0.1884924594495804,0.47781811299719135
RENT3,-0.1343464017008847,-0.059838863449161256,0.06085843741614854,0.10460370534446105
TKNO3,-4.621441656404921e-06,0.0,0.0024866602654087778,0.10491125407743107
MTIG3,-0.38740899338349927,-0.1652405507773744,0.15320605656814287,0.4703007235474581
ARNC34,-0.18874000205524344,-0.042641478781452934,0.05764354238846179,0.2651278932274653
GRND3,-0.09119365713389317,-0.05407883608883293,0.053324978289616964,0.08338775379538273
INEP4,-0.20503784921940438,-0.11909801806637813,0.14374273876116664,0.3013688038073165
MACY34,-0.2768095068584447,-0.09542348560627188,0.12000817213777952,0.1930497047602555
ECOR3,-0.16171731274622225,-0.06473328580233141,0.07025695050731506,0.11037185106564752
CHVX34,-0.10032805531484949,-0.04910819625170552,0.05553512306072148,0.10255770486938254
ABBV34,-0.1090581222173562,-0.05905394437268431,0.06051392887787386,0.1259712910556629
TENE5,-0.31448478573347277,-0.037334651810784436,0.0,0.3991346544543351
BERK34,-0.06130783505828705,-0.03590103408636547,0.03851885750782118,0.06503633785899374
FCXO34,-0.24723257465511647,-0.08011197334304172,0.07874166742501373,0.17769747796058466
WHRL3,-0.15081203279087838,-0.07084383767300333,0.07799953151694808,0.17284527125712304
SBUB34,-0.10395381458842229,-0.05002244683682073,0.05634385638635841,0.13216618447049844
NFLX34,-0.17697502556654118,-0.06711643308214703,0.084615438718298,0.18863435444904608
AELP3,-0.19804519293353748,-0.09444145297331366,0.0873259585790941,0.2414744964279375
HBTS5,-0.27956172342943103,-0.11793250710964653,0.14473105718022172,0.4310595926962901
GDBR34,-0.1024807748501206,-0.04838685932486048,0.04789013350753732,0.1467389124989285
ECOO11,-0.11625587118751196,-0.0391466664633777,0.03687748296144147,0.07095309870814816
VLID3,-0.12659615034160732,-0.06312519485756356,0.07469414844711758,0.13393831701244274
GFSA3,-0.23143403252019776,-0.1077233863679479,0.11588302585672028,0.28646181439811275
BGIP4,-0.14414281223527786,-0.07499967424691174,0.08283169916436416,0.18706921184025763
SHOW3,-0.1940034538719794,-0.08934078067640093,0.09733198223021229,0.16509862823584223
SMTO3,-0.10386118877912202,-0.05505748743666891,0.057505094364604416,0.09623467260824964
RNEW4,-0.21393554418744834,-0.09919674035230806,0.13174378027481062,0.514490639967251
HPQB34,-0.18990330213831522,-0.06124033901570215,0.05813818326161322,0.291654803625393
CGAS3,-0.146479600380784,-0.0641775656017913,0.07514883304378087,0.18179264551259822
OSXB3,-0.323778219745818,-0.14323768029798153,0.18232154769069975,0.5245274255648317
ECPR4,-0.19821917523402563,-0.03654120502708917,0.06641000921687538,0.24303602404821728
BIOM3,-0.18261314727113998,-0.09578749766414356,0.11391581212372628,0.31502740938631313
TSLA34,-0.20639986077568298,-0.10385518217694459,0.12144945296724434,0.17146109427833642
BRAX11,-0.08711992480083502,-0.03704765292340445,0.03466962339455657,0.07715115229073419
SEER3,-0.18541667395348074,-0.09225962239992368,0.09075075320780454,0.1615015217891904
DAGB33,-0.08349435407474848,-0.042581433953915074,0.03967238287927459,0.07716454321553046
BEEF3,-0.14447927349821235,-0.06675499027637755,0.06484884224493127,0.10319651604891332
CGRA4,-0.10764658127582362,-0.05397972900962516,0.05855164569934258,0.10894934217573998
BBDC3,-0.13644015141674043,-0.053001516763154025,0.054208353726131274,0.10104562570061074
ODPV3,-0.08817761098536489,-0.054043529855772425,0.05256918034122297,0.071432111668596
CSUD3,-0.15116378060228142,-0.07021047623581175,0.07624919044537505,0.12671130466898742
CGAS5,-0.11649453361162967,-0.04795198527630488,0.061579071991356926,0.1534464935243884
GOAU3,-0.1544001012024856,-0.07063997751446577,0.06499892702532778,0.12093166459295017
ARMT34,-0.188154018274025,-0.06395456284677514,0.06403755071994412,0.14927040422931853
SAPR3,-0.22979690738780936,-0.06468487947408542,0.06947449889496267,0.14639737232529926
RPAD6,-0.21276582324441623,-0.10244849484356286,0.10250175817439733,0.26021706517210913
COWC34,-0.08100113941692282,-0.04666956574622195,0.04648728017744916,0.0731959693692324
MERC3,-0.25083975644742496,-0.045032269200473034,0.02834378193390521,0.36363086298991115
KMBB34,-0.09242910304791507,-0.04889586922771142,0.0562619591596281,0.13108747224545442
SAPR4,-0.11253725636703854,-0.056860428914631646,0.06080199639736402,0.12003114647551351
HSHY34,-0.10144214591902401,-0.04718870797739732,0.05154773185184269,0.15267092922726583
MNDL3,-0.2013115914265504,-0.11790019190260241,0.1335314241298349,0.31029410002761026
SOND5,-0.18168826696389476,-0.08483090527221596,0.11510261006835507,0.23081588971043585
ROST34,-0.19550031709215812,-0.05018067278874314,0.06970926435081704,0.13986406069316368
UNIP3,-0.13839855952340807,-0.0848556625528891,0.09309029149686524,0.15451966145907187
SBSP3,-0.1097996921915487,-0.057530629413113245,0.060344099673016495,0.10468474809384319
EQPA7,-0.49480865957902115,-0.12354973889895528,0.1547040388449193,0.37768365518298586
PRIO3,-0.2551548635865181,-0.11504097471571202,0.11493225696863402,0.28068142650939376
SLCE3,-0.08365713348464891,-0.05730737969232271,0.06034477105771925,0.08566228619772154
MILS3,-0.16632995374239423,-0.08367565646802622,0.087040756245471,0.13510237207700748
ABEV3,-0.08651362949733926,-0.04173719033130791,0.044409259945161074,0.08536995939398553
CEGR3,-0.16301128369929643,-0.004392836001278657,0.03392455923705463,0.2888969089340174
AZEV3,-0.4858572199510368,-0.12020695098977474,0.14835959007827063,0.6929908780840582
RNEW3,-0.31483552893492617,-0.10149706404950191,0.10025123642967412,0.3427051299016383
VALE5,-0.09063634982720702,-0.0531348161938496,0.06024370389273489,0.09270044320565417
TCSA3,-0.14264361260100425,-0.07921108704328929,0.08532997855612721,0.1377069532623372
AMAR3,-0.2568498014605177,-0.08126154786170683,0.09137667703022646,0.16661919661444008
DUKB34,-0.08284819893936671,-0.04292625125972227,0.05009394753919626,0.10682240893128866
OIBR4,-0.32756970567256033,-0.11643165934700536,0.12676259590180927,0.25014405950674196
TGTB34,-0.16614165979835024,-0.06192427786430098,0.06235325998835534,0.1422991516977637
BRKM3,-0.13896370788399237,-0.06974822402923808,0.07610257687307517,0.1376683558754609
MOVI3,-0.18048834009862877,-0.08424341891292808,0.08634272711913879,0.1542453572769626
GEPA4,-0.12488227637351752,-0.06264193856937861,0.05867451042319245,0.1215217265307194
BPAN4,-0.15894272931030717,-0.07504187009769317,0.09525520630675753,0.20808716322467144
CRPG6,-0.2600900978297849,-0.10536056619854213,0.10424761298716152,0.21964081373955818
BLAK34,-0.12601647359092874,-0.0519193576144258,0.05756865196805928,0.15702399978212192
BALM3,-0.1589746759002172,-0.06480042554215089,0.07336893092584858,0.27657646043295847
FIBR3,-0.09416710303156593,-0.05182609080890715,0.05548061067416226,0.07862746108897349
PDTC3,-0.17236848199382293,-0.11144544738458372,0.1134008679630667,0.2278914774119884
USIM3,-0.168758128860575,-0.08242330768156858,0.09871723903384981,0.18626971517802193
BPAR3,0.0,0.0,0.02384371045351652,0.2863641106006825
BRIV4,-0.11690522210673675,-0.07004929222985141,0.0751816204667285,0.14120129095694603
BRGE11,-0.2229980672422057,-0.08641077577300531,0.09109993351269555,0.29993494673079074
SANB3,-0.13357452057352817,-0.08701126972868412,0.08004300326804173,0.15425135437488785
RIGG34,-0.2917327964745132,-0.13444507289377416,0.1289809983446996,0.34700292484566503
SLED3,-0.35667494536562777,-0.131683172062978,0.1416405369649662,0.44789139737095834
FDXB34,-0.1490324163514161,-0.04715265931608945,0.06494028686170579,0.19238322337947342
PEPB34,-0.060283685126641354,-0.03860885947644466,0.04150246010514838,0.07244203142508493
BRAP3,-0.10138499794449528,-0.06336765966862308,0.06684654158670918,0.10849879320796181
UNIP6,-0.14853072141770232,-0.06533506405771079,0.07550526300373941,0.13573997196974819
MSPA4,-0.11818335811536682,-0.0052925962385531366,0.002578009174659534,0.14068464574794207
RYTT34,-0.12827694593031572,-0.05714971174033651,0.05909061731803575,0.1334449185014573
BIIB34,-0.14384863971934517,-0.06125855689436524,0.07201748164049628,0.27936612310012215
KHCB34,-0.09248724711685877,-0.051923168071320115,0.04996551625156602,0.09455566538251366
GPRO34,-0.2989247846947683,-0.11063666935666339,0.12371760181014758,0.30574597833497097
BDLL4,-0.18461684018978858,-0.09531019489991809,0.10142852112952783,0.26337051871526174
RAPT3,-0.19998452465408073,-0.07954275838331794,0.07952366292752999,0.13144258040153628
GPAR3,-0.6175607860090503,-0.14345230425061242,0.13863933830142136,0.5231144336492863
GSGI34,-0.10024378055129984,-0.047251932976927036,0.05342654811410693,0.10727342657610059
DOHL4,-0.14350960143255537,-0.07050147580701309,0.07344751890819422,0.17590269772710748
COCE6,0.0,0.0,0.0,0.10800772233103517
RAPT4,-0.16277071867601467,-0.06169988663301034,0.06617426848579626,0.12142310778297387
KLBN3,-0.1589502226137022,-0.07873228169979601,0.08049815355348403,0.15340742611604
HOOT4,-0.18553664766156344,-0.10449693332438571,0.12226866746609087,0.28485287954996574
FRIO3,-0.2232297291097769,-0.1257028887376094,0.14093351197993856,0.3435914480796194
FBMC3,0.0,0.0,0.0,7.531116980205389e-05
CATP34,-0.10585995013783141,-0.058731569046118086,0.05932926295229586,0.11582410170429633
LILY34,-0.1054343260943606,-0.0573168607410959,0.07332484138222274,0.14450371776710472
COGN3,-0.23256771971021953,-0.08267211726496669,0.09203732154491225,0.15745394092696133
VLOE34,-0.17010632085131278,-0.06321922694510998,0.07816206518317101,0.14619455718081062
IBMB34,-0.09386637360214381,-0.04852970216752515,0.052049684640178756,0.09306117501493734
MGEL4,-0.23046861965825993,-0.13404505578385545,0.131762634987038,0.349333145327333
GGBR3,-0.11353447187212491,-0.06298053034227803,0.06616169784140306,0.10243145107789355
MSFT34,-0.09201397473931745,-0.04539926236738677,0.04979389008864932,0.09612757635510619
PSSA3,-0.07006070657704666,-0.04617101290067262,0.0496691423949239,0.07843387400209491
LFFE4,-0.36259565514401887,-0.019566990868231486,0.0,0.3683529692518047
CTKA4,-0.23350294392822932,-0.13353139262452263,0.1621370232518639,0.4358931510701136
BOVA11,-0.09024851830609847,-0.03608740824089001,0.036511087756437466,0.06749043976311574
EKTR3,-0.1770108059848185,-0.057485505784196894,0.06779189987176942,0.27455498180010884
KLBN11,-0.08998012674946679,-0.04011430844800479,0.04895345470112588,0.07660785212968413
RCSL3,-0.4057061186720711,-0.22314353052388822,0.22314353052388824,0.5288902660680266
TRVC34,-0.08485532277877332,-0.03841727855775957,0.04810130171293683,0.18038955780030722
ENGI4,-0.18111875668126967,-0.08940537638679702,0.08238405477437198,0.16414361216857387
TELB4,-0.27334160465090646,-0.10689961315392561,0.17183917574698218,0.47379759889050255
WALM34,-0.08338093738951263,-0.04057544237850529,0.048079206271952404,0.11619404753198391
BOVV11,-0.12053439335135108,-0.03470772363747817,0.031112526491670078,0.06703785539631622
PEAB3,-0.1278700530587033,-0.07506165556194604,0.07966108128668434,0.1856049416265799
MMAQ3,0.0,0.0,0.0,0.00652861566759774
CYRE3,-0.1776788441311154,-0.06606586340103467,0.07056457887735938,0.1172740953674663
MSCD34,-0.07773583447570813,-0.04906070348468302,0.050171819701841605,0.12371161179499487
ORCL34,-0.11840862184932177,-0.05600766348960467,0.057659478540004645,0.1445170572258591
TXRX4,-0.34838572984091065,-0.17252113031575347,0.2273081199526456,0.47853883856622204
BOXP34,-0.13784368453599968,-0.05813213529720701,0.06942971046076184,0.15330881114664976
NATU3,-0.1022296241141156,-0.04630808908479972,0.050983890006201814,0.0966106785515344
JHSF3,-0.14394276477532564,-0.06862089947530489,0.07983632157054289,0.14583458994617676
MRSA6B,-0.1596469801874014,-0.019967458726426145,0.048919239937492746,0.247204985352478
OIBR3,-0.4439687152157653,-0.13271345703730406,0.13978610631749017,0.35182371934080164
PINE4,-0.13850855078026086,-0.0680975030384943,0.07796850681354404,0.21226143664330105
RPAD5,-0.22175118770411,-0.0873370461138488,0.08860027723873833,0.19356599414333156
CTNM4,-0.16291776544126027,-0.09482467342166052,0.11133498811880238,0.23129289589738733
AALR3,-0.2156696082885343,-0.10505994590230042,0.09424884681771858,0.1412861378013746
HETA3,-0.40815022427423436,0.0,0.0,0.48570782616829394
MOAR3,-0.21624419944262702,-0.07780404021424278,0.06035705194462376,0.15339609763302203
ATTB34,-0.08305223734644103,-0.046823736661833724,0.047606454830194225,0.08603621496020356
TAEE3,-0.0782325589209648,-0.03653414696061884,0.039630776953720546,0.08562044938526174
BTTL4,-0.19042539501521966,-0.09609975431000849,0.09468046818503995,0.20443845314842027
CPFE3,-0.0796168730258788,-0.041619077118842794,0.044831578348360844,0.07489238998938023
CSNA3,-0.15714085701524402,-0.08275286945546097,0.09229291015999781,0.1599368961865761
LIGT3,-0.18986450406598163,-0.08266095455553404,0.09035065296765975,0.16894960377939877
JPMC34,-0.07604027619395289,-0.045218369677760085,0.05176383994153227,0.09697813738631232
GEPA3,-0.12575382389800205,-0.06386083327721982,0.07373859208098692,0.12726341685080506
BBYY34,-0.14560035199025684,-0.0657894619392216,0.07297905652525666,0.20385573911270097
TUPY3,-0.098735559953566,-0.05462056258917556,0.05839649912724895,0.10379256238047146
TMOS34,-0.08775140656371934,-0.05601127521530159,0.0639511938932493,0.09864549313627183
VISA34,-0.07620622102748917,-0.04250224158047655,0.04704720258463882,0.10880120827666843
TERI3,-0.15893410891465679,-0.06447276237727761,0.055044361751762846,0.21470714120838738
MGLU3,-0.2048167815289226,-0.09741154727390258,0.10436403178129368,0.23496279744762144
BAZA3,-0.12039681610724132,-0.057158278275661806,0.0711260229225696,0.14625765694132564
TEND3,-0.17176796604933067,-0.07583025814582628,0.07889552342318884,0.15224319343748116
CTGP34,-0.130062441456346,-0.056613217711444605,0.06582084771667014,0.1291814209193696
INEP3,-0.22418587376197746,-0.12783334983546882,0.15897161991459172,0.32018096614235575
UPSS34,-0.11041407511531,-0.053250295995086155,0.04954459008589797,0.13825592006810714
EQMA3B,-0.14945821267443724,-0.061820629065744856,0.06918715205625092,0.1544594798197674
CBEE3,-0.22619753137112544,-0.12169780422590101,0.1305892160030682,0.28099611927640794
TASA4,-0.19775144398637126,-0.09649835555107202,0.11075155246647451,0.2523996187014749
ALPA4,-0.154850717017061,-0.06696123593640921,0.06155784915601221,0.12935886946016134
DHBI3,0.0,0.0,0.0,0.0030851195307667273
IMBI3,-0.33211591679413904,-0.09837342542457524,0.09089758788590067,0.35790601422404505
HAGA3,-0.21346504078068645,-0.11546872495645882,0.12715189444715058,0.2442478507949969
CASN3,-0.4018465541406636,0.0,0.0,0.4109685379768023
PGCO34,-0.06935914013788232,-0.03969437137020278,0.0413274704947489,0.08470570089322929
USIM6,-0.31091096754348246,-0.1197471206448244,0.12145363661203633,0.3126714319578236
SOND3,-0.13458452073737448,0.0,0.0,0.2561302613885052
MTSA3,-0.24952666073955804,0.0,0.009018447753700044,0.24192671088307524
CASN4,-0.18244492427824166,0.0,0.0,0.12138577436662233
UCAS3,-0.14913398391942367,-0.07096565915220779,0.08152639587109922,0.12906359598676487
FRAS3,-0.34969850245815165,-0.05509092773464242,0.059717376152824485,0.5074650663384715
GGBR4,-0.12953183007352012,-0.06600683139924424,0.06910174392388838,0.10432713490715317
SGPS3,-0.19438439910683572,-0.09701202641347555,0.11822038491125546,0.27245257435227804
BPAC3,-0.12608784135948245,-0.07243583866047064,0.09476809123250364,0.26466606929876246
RAIL3,-0.19261000193389582,-0.08362492940523523,0.07321871652623478,0.1565023179617836
CEEB5,-0.22355474894607885,-0.044323023184031675,0.05036567225190364,0.2182112912486007
EALT4,-0.13982834183090906,-0.07473603617859599,0.08238873277742925,0.14680948369546334
MRVE3,-0.1524011045728311,-0.07276495987660275,0.07399986395117106,0.11531033497870741
UNIP5,-0.3184773612194495,-0.10761067534200684,0.11801782682339962,0.2933306347119473
BMKS3,-0.1887002093614468,-0.08132158993858475,0.08924521144540039,0.15111514671653145
PTNT3,-0.18241292489644012,-0.08403848453106838,0.10134496948230672,0.28776371428602265
BRPR3,-0.34291578657880606,-0.06745890929794746,0.06628346745148819,0.22700362562243798
EVEN3,-0.1701012923915796,-0.06994168905602391,0.07056176946375388,0.12683446284213898
HETA4,-0.39001780473676767,-0.1546034511035036,0.16459040393746052,0.4931209807024035
SANB11,-0.10293453490447761,-0.05278936103232819,0.0538496553316387,0.10730092611048785
CAMB3,-0.12262792360058043,-0.05626716197476963,0.0586629199112551,0.14268072631327544
QUAL3,-0.17173906467232244,-0.0864629736346951,0.07646939943934283,0.14099311459519243
ESTR3,-0.4202795150300963,0.0,0.0,0.236416978689976
EMAE4,-0.1454083873443267,-0.08894943316189559,0.09649970464014906,0.16570170315299448
SPXI11,-0.060950067126438565,-0.030016179718375887,0.03340370907295642,0.07628184802302415
TIMS3,-0.17690743847491738,-0.05603451393571887,0.06228260759679501,0.17926808015153897
MULT3,-0.11146841910812415,-0.050757814698365385,0.054835016220389804,0.10860556512290707
BHIA3,-0.3076528709983343,-0.13340375275181549,0.1308039818702004,0.2571712050313399
PIBB11,-0.09450651339996513,-0.034399291268174474,0.03582819887630348,0.06381538430327648
CSMG3,-0.148824166007303,-0.062479042886543684,0.059909271711874,0.13704953847649254
ITLC34,-0.12249433417267756,-0.06289430866566179,0.07130971389620244,0.13879364436750058
EQPA5,-0.40440570530886605,-0.12131212530020881,0.12353019719608131,0.43518169214329305
AZZA3,-0.1293762317605445,-0.062171186315614156,0.06171208153647223,0.11799635358994767
JNJB34,-0.07848092625228899,-0.038036930908870906,0.04067797058835302,0.07293279265834185
PINE3,-0.1513669723586874,-0.05282372348339491,0.05675341082371617,0.27120120577444007
CSAN3,-0.11892196186186865,-0.05570718822427897,0.05662899182099484,0.08374626047846762
BRGE5,-0.31991690475855733,-0.05588251921219374,0.04924155987603203,0.6558696721356512
SLBG34,-0.1811918456749281,-0.06970250139318462,0.07418651704884742,0.14076028243978655
JOPA4,-0.23542036835752234,-0.057468370306677806,0.05297551970522641,0.20682013724961923
METB34,-0.16307270089223927,-0.05917902534529898,0.06140621069037665,0.14746903804141398
BRAP4,-0.10481524957008029,-0.06532640347051749,0.066752726577319,0.11166052718529267
AXIA6,-0.16789844146680363,-0.06526450167144655,0.07259624388618724,0.15656180040558276
BRSR5,-0.2892349457650464,-0.10550359465555577,0.10132413496923319,0.42986889481322854
PCAR3,-0.2586044092365497,-0.07437542193599767,0.08286141060330178,0.21705152873277303
MOSC34,-0.14064129262495337,-0.08235532068261894,0.07067110672734338,0.15471237659587186
MAPT4,-0.49518252986717326,-0.22874124359927075,0.25573603399430067,0.8725104486875602
NORD3,-0.7019530657743234,-0.15386493961957892,0.24339205330163088,0.8017384403665071
RPAD3,-0.27224461250469645,-0.12226095853435766,0.12268312280083908,0.30860359804816073
LEVE3,-0.11327173504317277,-0.05627829173673017,0.05263714194800821,0.09989643848142961
BRGE12,-0.254608014551731,-0.11444981413625863,0.11019511441050299,0.2885544064422774
CMIG3,-0.21722031856868218,-0.06250681545280891,0.06461284468357338,0.13255760527384552
CRIV3,-0.19611917865154285,-0.0897759746264025,0.09346469206452712,0.30940105303779103
KEPL3,-0.15418734652959606,-0.07231123854567015,0.0757760441856244,0.15430111626366294
BOBR4,-0.1905813055629759,-0.09922806388931726,0.10284090532587183,0.2936400799094275
NEXP3,-0.20091858329526927,-0.08876995741183819,0.11192065514586243,0.20991996533383622
CEDO4,-0.3303730778223107,-0.11821729507603566,0.13587283550142498,0.33285041117498854
EUCA3,-0.48319083297882925,-0.08717374846729684,0.09082716191819044,0.4759122462681179
COTY34,-0.26836351095756145,-0.09558776805324953,0.09469148264517636,0.21103778816766125
GOAU4,-0.16839442656830622,-0.07245440544027054,0.0730919782923273,0.13960208899008872
BALM4,-0.20371329933880855,-0.08933626377395518,0.09531001417498738,0.23059213627375508
GMCO34,-0.11683670107810053,-0.06822867766824102,0.06856221349411613,0.14291315996989631
BOEI34,-0.15613609048705476,-0.06585860727822002,0.07727968551315534,0.1399407596372533
TASA3,-0.23597666023704242,-0.11584502721188836,0.12715208984524998,0.35493994944858387
CAML3,-0.11620758242396076,-0.06166987424882347,0.059020808272299545,0.09758076697314162
PTNT4,-0.148692030520475,-0.08564856427005872,0.09734987569959612,0.1967872437628042
DHER34,-0.08746868765751489,-0.04761123061266096,0.055052079902276126,0.11885389603273841
PLAS3,-0.20242210580354217,-0.12625206094383074,0.1434628432037254,0.24616179694577672
B1BW34,-0.3599660177000579,-0.12096197862881396,0.11267537732399203,0.26465202348243094
CLSC4,-0.09582006750349964,-0.052067826787850414,0.061933633156083696,0.12357137316795509
ALUP11,-0.07800903965040268,-0.04170432044753592,0.04078887425282324,0.07500880034141136
GILD34,-0.13756049080415664,-0.048506944053345304,0.06120621619465316,0.11334867483291453
M1TA34,-0.16896622091890512,-0.06568325566847168,0.06955824060023373,0.1233859195760248
DISB34,-0.10358989691670185,-0.042516069164002225,0.054440353775816,0.12156298646137331
MEAL3,-0.19799058105668274,-0.07579138127218717,0.07910966289680535,0.14130192076782563
AGRO3,-0.09768376343751259,-0.04965556158368845,0.049404008330649576,0.07922564100517179
NUTR3,-0.4006174239917835,-0.12064341530679668,0.1541506236285941,0.4474647478941122
JFEN3,-0.3007728761817301,-0.12528966424126123,0.14975062064275532,0.4542488076893398
HALI34,-0.22495437150260458,-0.0764484709917753,0.08817032644737208,0.16103250311272388
TAEE11,-0.08251719323660132,-0.03852858249898717,0.03812430766126667,0.08175968363201996
MBRF3,-0.19303652475420285,-0.07654673299409741,0.07963900428248742,0.14691079488874917
FIND11,-0.08430217178697937,-0.044250328644121095,0.04456416164579188,0.07900710961616922
ENMT4,-0.1979346226692641,-0.07994572368508791,0.07066070022954897,0.19351062445482775
SMAL11,-0.10566212673690353,-0.04121282950907945,0.03564423212355421,0.06320928060160935
COPH34,-0.16984073097703126,-0.0684044094383716,0.06933223021133039,0.15360642170745062
AMGN34,-0.09474626870043217,-0.04854034027692519,0.06437874019200347,0.1367094387168192
SCAR3,-0.1160659340501673,-0.061972632773206075,0.06355037417252116,0.10759609949056641
DIVO11,-0.08511659862742071,-0.036273033366166385,0.035493576117789735,0.05932608293716164
VSTE3,-0.18033810142965964,-0.08681323624980962,0.09639701960770786,0.25315664103738017
HOME34,-0.07141693026524268,-0.04847031297004717,0.05285557559617278,0.12167844880435441
APTI4,0.0,0.0,0.0,0.07732671110940227
WLMM3,-0.21712471063796457,-0.1137679710564227,0.11605912693492997,0.27721337863872
COCE5,-0.08013559494774437,-0.04408702503046896,0.049122533468915916,0.0866334036173587
EBAY34,-0.12018500751819892,-0.06626284464192779,0.06406307542093731,0.160154554939099
WLMM4,-0.20482479293953057,-0.09635886158656934,0.08454245660546883,0.17365513478587202
EALT3,-0.2457929818545675,-0.09787831761122501,0.09836858468597809,0.48225271826264166
CLSC3,-0.2398780595471305,-0.04925892368446884,0.06744047243635129,0.19768838029196528
IVVB11,-0.06271514361178399,-0.029791709886188567,0.033237981984409436,0.08352339036901302
MDIA3,-0.11817503074649617,-0.05689218635186415,0.05357239194391076,0.12288663344231081
FESA3,-0.3561721689303776,-0.09158581060662453,0.10929111542366785,0.2519596951310925
TGMA3,-0.13082984929964908,-0.06709378805226118,0.06742206829683091,0.12184389548250658
FHER3,-0.24397472690867686,-0.10735625331912707,0.1390396850625741,0.2866955056217641
BMEB3,-0.17233775949063407,-0.09251215445219677,0.09397200732336679,0.23195965066815422
TOTS3,-0.1185963085334801,-0.05935293184962163,0.05658495405801596,0.08627175089206505
BPAC11,-0.1843467236816774,-0.06578221123157828,0.07255807784193954,0.15706027466215183
ISAE3,-0.14854972155239743,-0.054907717763242665,0.05612352574327881,0.11290465827931179
ALPA3,-0.1386470704396173,-0.0762655274277253,0.08137811178118344,0.14080946655679333
GOGL35,-0.08428289847156395,-0.047202266657866886,0.05887310648395304,0.09301072030226859
AIGB34,-0.15613223256870548,-0.05386352764617456,0.06268952301767511,0.1306953624075087
CVCB3,-0.19669349204346148,-0.09836292005409693,0.10408852965741501,0.17598574940278797
FESA4,-0.11318630620710116,-0.06530054194440163,0.06633264842644108,0.10004217904718708
AMZO34,-0.11882849588938466,-0.05415651840426953,0.06177168494339632,0.16448673339404063
LREN3,-0.10826186485459605,-0.05988842157446405,0.061511355463840484,0.10952264661020113
BBSE3,-0.09645411152793916,-0.045940175755084335,0.04244923822452849,0.0797340881599885
CTSH34,-0.11336984502782989,-0.04588542002160199,0.04924784354199334,0.15517031396324596
BMYB34,-0.12208783599113497,-0.05256485113993473,0.05535519592231569,0.12413505666521975
SCHW34,-0.1495250176057669,-0.06479751562947955,0.06422713791430806,0.13835555132783334
WIZC3,-0.18594201008237624,-0.07649525681378702,0.07472220849719818,0.1466685391784886
XRXB34,-0.21852337355067525,-0.0752594965448564,0.07847416951910921,0.18430754332409574
DXCO3,-0.1414205658261076,-0.06329744320123379,0.06862478266025235,0.10165101787971965
BPAC5,-0.1630678940889788,-0.08387005683046565,0.07936125212014121,0.148822407414112
SUZB3,-0.10057179525334621,-0.04566760142630385,0.055290851575837595,0.10481559118481427
PETR4,-0.1628507543169311,-0.07336326626581012,0.07496903315817831,0.12619654293829013
RPMG3,-0.2222035799268984,-0.10963712222180858,0.1389061603050267,0.3522552402365879
SSFO34,-0.14117044850700888,-0.060334825122979656,0.06703254632377416,0.13078984729479473
CEEB3,-0.06968822690385337,-0.04001120260360294,0.04426897655339451,0.09064642312923542
ALUP4,-0.14074860588920401,-0.07473751090773638,0.06540714488726791,0.1659965888125228
FIGE3,0.0,0.0,0.0,0.27251775900030023
MWET3,-0.4085590260091474,-0.10111974562763855,0.06090853935583004,0.6508131543798865
ABTT34,-0.12341430543041988,-0.04764027943170365,0.05290817606788036,0.14691801491968975
FLRY3,-0.09035390551060285,-0.04906927796967523,0.049452119772764265,0.0911875020265535
ETER3,-0.19044468117438199,-0.08730170956785144,0.10225908294565643,0.20312164975305338
ISUS11,-0.08264803299661527,-0.034374117047914585,0.031985247308777665,0.07375538663302356
AFLT3,-0.25331079066609397,-0.10163512865601537,0.10536051101730903,0.39391601575500923
PETR3,-0.16940270530706927,-0.07541550662481594,0.07670232903764124,0.13339106171207704
YDUQ3,-0.1501395073019223,-0.07885225676974075,0.08623789303359539,0.17703409969722456
AALL34,-0.22087537624210296,-0.08507436425871691,0.08409306372646157,0.23654339696722654
ANIM3,-0.20994296565121934,-0.09354648060538719,0.09636787277643014,0.15818482551508417
MMMC34,-0.12524533815998085,-0.04344298066217339,0.04972440553441311,0.08185487378168514
GEOO34,-0.10542436955446147,-0.05683712508329225,0.0682727910760178,0.14471374904278753
BRSR6,-0.12705549541068728,-0.06406241176247605,0.06126567544064795,0.09871604862327579
BGIP3,-0.15215630420621898,-0.05939900722722619,0.08613686750477957,0.17831137110478887
TECN3,-0.15326627031337006,-0.07974697664456562,0.09938493485158308,0.17937940068052532
TEKA4,-0.3358202682912474,-0.15415067982725836,0.15958094261668565,0.37764776340687994
MATB11,-0.1137800363984486,-0.04757596235941897,0.04773849320728241,0.09235612728668971
CSCO34,-0.10421281517368745,-0.04840363300291428,0.054516075655190926,0.09986010534554561
CRPG5,-0.20423337674383166,-0.11081556321161888,0.10787612574454014,0.26349136122245403
PFIZ34,-0.0757606006019732,-0.0411929012275341,0.04605148982666482,0.09010829453952425
MERC4,-0.2471355109082573,-0.09588973225078777,0.0896851930837388,0.35969060426624333
TAEE4,-0.10786772150203806,-0.03887375870357192,0.0439700851590074,0.07128915522711222
AAPL34,-0.10469839132407957,-0.05384156217369555,0.05615099240633615,0.12199544656539273
SAPR11,-0.11290608559060465,-0.04848725943254539,0.053648872978497235,0.07196633691976527
OGXP3,-0.3152492021031382,-0.162678440618553,0.13353139262452257,0.4068540117014378
FDMO34,-0.13983745800859274,-0.06738398234796926,0.07135932682599049,0.1530335472011252
UGPA3,-0.13204978615302532,-0.058178910347654524,0.05573389292118141,0.1527506184101675
SNSY5,-0.35743789982776614,-0.14896253758715536,0.1541506440644719,0.348706782661263
ENGI3,-0.2838728071427386,-0.09531031975239747,0.11215033389434251,0.26010449046386075
PATI4,-0.20081498633908712,-0.0824593187670675,0.09385269502601798,0.20168196999182011
MDLZ34,-0.08639303448335789,-0.045721056798355066,0.04845312328379917,0.07692538052676182
BDLL3,-0.23067477824563645,-0.06732216259654118,0.052841326539891605,0.1796249825746511
VERZ34,-0.07355079765355144,-0.04104812027409938,0.04434118698524107,0.08377889920409769
BRGE3,-0.24637832671616627,-0.10185320274882713,0.10114382182516357,0.39405515284289333
ECPR3,-0.1710519143410089,-0.019315580585738037,0.018754721189950675,0.22762415915472745
BMIN3,-0.2582822343814089,-0.1013523925696847,0.09531019631905188,0.312805474372171
USIM5,-0.17070244173824958,-0.08253275480980943,0.09194297795982961,0.1886899704567212
COCE3,-0.1802539600241011,-0.07071377067505064,0.06994657623418811,0.1827550083898342
CGRA3,-0.12210407984669248,-0.06557097559471284,0.06674363535879244,0.1257311569812369
AXPB34,-0.12795620047730044,-0.05350639394447902,0.0598030241844825,0.14728084763479551
CEDO3,-0.22336351890253414,-0.13119412239619607,0.11773242292328549,0.3947607116982716
AMER3,-0.34775260326695057,-0.11200405840170466,0.11795792208896722,0.24852809138142212
EKTR4,-0.1639309990139181,-0.0823427331259246,0.09082135078517846,0.17531849147769954
AHEB3,-0.3857501485702643,-0.07566436834819926,0.07733791246266757,0.4049114295236848
ABCB4,-0.11308914574993471,-0.05126078561449604,0.050767221881399635,0.09261656251685327
BRGE6,-0.2415155247639885,-0.06741543334942048,0.061364778339979255,0.48187397199618404
BAUH4,-0.22323837509449979,-0.09735778839009218,0.0953101738327496,0.26607577619766815
ITUB3,-0.10444505179922599,-0.045102341079383906,0.046505291404847486,0.08142059194913652
GPSI34,-0.26824225034507243,-0.09485442777125162,0.09894141829559393,0.22731438263611262
VIVT3,-0.08133858590940218,-0.045803392777338664,0.04584471939795252,0.08699944942754186
CRPG3,-0.22324491619111922,-0.06470297027958592,0.07958008604294711,0.25418338551608977
POSI3,-0.16942462013088452,-0.08930495062333299,0.09647707777425989,0.17343849299080671
CTSA3,-0.2630799445844807,-0.11788906799211903,0.12505338989100753,0.4391020723530578
PFRM3,-0.13838879265713672,-0.06797873396218329,0.07940051129099315,0.1634735774888199
REDE3,-0.3484568626327024,-0.1431009934135881,0.1335318541077979,0.3774417344244582
BBSD11,-0.08063938438274573,-0.03403818615130813,0.03445386281529432,0.057644440961835415
GOVE11,-0.08672459688233511,-0.03495279298785402,0.03485372666495097,0.059940096231460585
RADL3,-0.10000015194184943,-0.05097336074476708,0.051328050633810726,0.08507428377618735
WFCO34,-0.09023966732556957,-0.05254923128998848,0.05226161755975228,0.10667856403183595
PMAM3,-0.18500468563264247,-0.0906857454461417,0.1135323100947155,0.2442575317941348
AXIA3,-0.2019013670217752,-0.0784170882283785,0.08202544053751125,0.16549888852916078
NIKE34,-0.12312099568738832,-0.05444296814959998,0.06307523495703776,0.14051433626225104
RSUL4,-0.23101575790460302,-0.05787916028285528,0.06900557896603643,0.19635256613540883
OFSA3,-0.10422282762653028,-0.05715510127811938,0.05833928448261547,0.09899052952734541
MDTC34,-0.10169161469192921,-0.04846167868332626,0.05040531593432148,0.11107856721876852
LOGN3,-0.158356489152228,-0.08702910442404625,0.10942142242325485,0.22868724158193468
RCSL4,-0.4054650377974951,-0.2876821427624503,0.2876821427624502,0.4061257719861232
FBMC4,-0.33058389971259716,-0.10258664694417521,0.07288741339555022,0.30287928816718646
MCDC34,-0.06550831306405688,-0.036359038317803745,0.04544545386906987,0.08917451944420351
SANB4,-0.14485753307198274,-0.08004251201418103,0.08004274132184803,0.16470168835540042
GOGL34,-0.07862566394573606,-0.04915146115365917,0.053665931215187895,0.0859273346492123
LPSB3,-0.18166634268171952,-0.08704185367225281,0.09770488948038424,0.16801115744024173
TELB3,-0.33505297098505826,-0.1407856673057761,0.17473663637396,0.6168560772918215
ISAE4,-0.07646118377441471,-0.03945701463382941,0.04677629865213488,0.10017438235657133
FIEI3,-0.3008791599908324,-0.10616349491559794,0.09367481330713141,0.21005464291778136
COLG34,-0.07396086901646198,-0.04308654565116949,0.040183121081706866,0.09817998842241864
PHMO34,-0.08603774484108428,-0.038024802128983334,0.042967939350708265,0.08382371670787193
ALUP3,-0.15795114053159917,-0.06584046489385678,0.0588401482659503,0.14540550195256768
ENEV3,-0.2151564730077972,-0.08004270767353637,0.08867201726373358,0.17194287569059144
RSID3,-0.18523077355701278,-0.09996385382341433,0.13193150076911644,0.2707178533101273
EPAR3,-0.24521267743804653,-0.12177890579688978,0.13772822237850363,0.2555268922045586
PNVL3,-0.13595290170767377,-0.06620113468112235,0.06117649854311931,0.11073975955505504
TKNO4,-0.1978861421952139,-0.06471111791031407,0.06995216401464763,0.16501780290400803
BNBR3,-0.16239138625852664,-0.08559133889157965,0.08239993739894655,0.15837731381387646
MTSA4,-0.12607948522485532,-0.06992115777515114,0.0681482910766683,0.15971674115812223
ENGI11,-0.1410966095063516,-0.05686656170874495,0.054601949421190114,0.11450954254266431
GUAR3,-0.15878551752425785,-0.08020092404092492,0.08003034946583086,0.1279894981352185
LMTB34,-0.09649643053547334,-0.047392071506524504,0.058827075084299005,0.15449167747983258
MEND3,0.0,0.0,0.0,0.0
HONB34,-0.08518671486675009,-0.04160976452655893,0.05008110429901202,0.15847989993850456
CTKA3,-0.5031433304492469,-0.15574580679194655,0.16220384350813044,0.597836940678685
CZLT33,-0.096160740738176,-0.05160754490545327,0.046671493180200904,0.07532974811996859
BRGE8,-0.23755397529786879,-0.059382193280316735,0.06286068542739257,0.3641540810235147
BONY34,-0.09617370294169615,-0.052006539749992274,0.05103940925534352,0.11246278373995623
AZEV4,-0.3321071092147746,-0.13462099568752758,0.17264286506761137,0.6137547110624271
DEAI34,-0.166499665296978,-0.09470979311399132,0.0839535675100661,0.1615197178064542
COCA34,-0.08142782766340231,-0.03636384085208337,0.04134930184915492,0.07983765041066464
TEXA34,-0.10205147496199046,-0.049409385049127834,0.0480111080265087,0.09956142165035059
ROMI3,-0.1352081650033455,-0.07491929540391608,0.08974442920969707,0.13272907834858413
BRSR3,-0.23032899707283655,-0.0953103080745066,0.10707173340931983,0.3182059600995343
CEED3,-0.30606036800802466,-0.13851604685412117,0.09551333730846935,0.27668198157606033
PEAB4,-0.21210810678241881,-0.08921599536842684,0.09153006565794024,0.1885688680563077
PDGR3,-0.6931471805599453,-0.16251892949777494,0.1823215567939546,0.6693681946354241
JOPA3,-0.17157276812436864,-0.07596077381876203,0.08325320117214355,0.2471478653464903
CTSA4,-0.2096887944605968,-0.11993819972390102,0.1431008348127645,0.37056065028422974
VULC3,-0.20137181543074564,-0.10805221877101595,0.10132431507659222,0.26065330604765075
MRSA3B,-0.3322119524935724,-0.07884096251826607,0.08300454993573543,0.4021302780914282
TEKA3,-0.4316026766634053,-0.17975536179974402,0.16608410756624253,0.7051440497844265
BRKM6,-0.2156292273616237,-0.08338158855084976,0.08573166491882217,0.2100039772436872
BMIN4,-0.2340526972398328,-0.10536067519335532,0.1278333759426977,0.35089548056027975
CEED4,-0.29033248526550026,-0.058713742821088495,0.02118575089024563,0.23303445882289245
AXIA5,-0.22187671750211638,-0.04266741367533515,0.07568447634088434,0.18821404073661402
LFFE3,-0.32239347502163035,-0.03097542965838547,0.009692071414131477,0.38611802378682264
CMIG4,-0.15266481038886073,-0.06165177292593457,0.062289638624976516,0.11403544708999787
IMBI4,-0.17746252307577356,-0.09054725395544862,0.09531017563616778,0.18387321628193526
DOHL3,-0.2596349185010893,-0.07499496091943227,0.06591094137035432,0.5932846674026313
EZTC3,-0.13730777822650805,-0.0667070862522491,0.06798376291385776,0.11343381691800954
DTCY3,-0.25300405360029043,-0.15174608227518308,0.17839336006585932,0.543065603777734
MSBR34,-0.11882929686365792,-0.057530111155236846,0.062353051669545884,0.14168540470642238
PTBL3,-0.1539526612769271,-0.07530837788136703,0.09345248318007889,0.1434079058632066
QCOM34,-0.12565720085962548,-0.06391189309320072,0.06445219066905492,0.14540254077601034
IRBR3,-0.23226497541858515,-0.10452555410842725,0.10909391578992103,0.21732273008259115
USBC34,-0.1485551814451874,-0.06115994938659746,0.062385366708932466,0.10379304942681729
FMXB34,-0.14059940617087993,-0.040291226447588396,0.053958828908384764,0.13227835203332367
BBDC4,-0.14068324684128622,-0.05313156633815325,0.052508497129874286,0.12298968107144963
EXXO34,-0.09545203188641929,-0.04633573921178631,0.04973144506271384,0.08878247219765005
CREM3,-0.1286597373753101,-0.053350553662140664,0.05342929096473686,0.15339553014776355
CVSH34,-0.13169106394124036,-0.055726084915566895,0.05717532423518951,0.11819876285965626
BSLI3,-0.2105483013384152,-0.09487277429746609,0.0874167901620159,0.35486395711107516
BBAS3,-0.14487634763378104,-0.05876608926997066,0.06445744726820841,0.12364838831538749
CRIV4,-0.09788288870449617,-0.0628370376240921,0.07283833817140464,0.13556956600022674
UPAC34,-0.10432340794337928,-0.04998875400853982,0.059494352924319704,0.11984580703639577
ITSA4,-0.09866541375771092,-0.04826903183576438,0.04767574167125285,0.0739666847508049
ITSA3,-0.08100964534081712,-0.05006586865999486,0.05368845578559885,0.08382400989466146
AHEB5,-0.27581143920775697,0.0,0.0,0.39662753839243736
AHEB6,-0.22974172636555587,0.0,0.0,0.5562963875818561
TPIS3,-0.18003244968455093,-0.08926289313888754,0.11660436018727446,0.22159546139627878
BRIV3,-0.13116168693528257,-0.08274541836917909,0.09509694571073699,0.2733569016969626
WHRL4,-0.12075447579614855,-0.06163332516068997,0.06778855379206367,0.18637151254423737
B3SA3,-0.12816995273864945,-0.05641601899711464,0.05927767766864661,0.10274459722141015
MWET4,-0.3004764540749643,-0.13571893125282541,0.16605282469747287,0.34558453469380235
UBSG34,-0.11788160393901852,-0.050863678518669145,0.06132340160599032,0.10241473998514394
ITUB4,-0.09666824464440787,-0.046366616023138435,0.048275919799426,0.09219695133387154
CALI3,-0.20875337031416438,-0.03298548121747039,0.043327037721281644,0.23248072413193915
