,0
ESUD11,0.9997477931904162
RENT4,0.9997477931904162
H2AI34,0.9997477931904162
AXIA7,0.9987389659520807
I2ND34,0.998234552332913
S2EI34,0.9979823455233291
W2EX34,0.9974779319041615
C2SW34,0.9972257250945775
E2NO34,0.9972257250945775
S2LA34,0.9964691046658259
L2IV34,0.9959646910466583
P2TC34,0.9949558638083228
ARND3,0.9939470365699874
B2AH34,0.9936948297604036
R2GE34,0.9931904161412358
O2LE34,0.9924337957124842
G2NT34,0.9916771752837327
LHER4,0.9911727616645649
R2AR34,0.9906683480453973
Z2DV34,0.9896595208070618
I2RS34,0.9894073139974779
R2PD34,0.9891551071878941
E2LS34,0.9889029003783102
EMBJ3,0.9889029003783102
D2NL34,0.987641866330391
ADMF3,0.9871374527112232
C2EM34,0.9871374527112232
OBTC3,0.9853720050441362
M2KS34,0.9853720050441362
T2YL34,0.9846153846153847
S2YN34,0.9836065573770492
D2OX34,0.9831021437578814
WDCN3,0.9825977301387138
B2LN34,0.9815889029003783
A2RW34,0.9808322824716267
F2IV34,0.9808322824716267
FSPE11,0.9795712484237075
I2NG34,0.9775535939470366
F2RS34,0.9760403530895334
T2RE34,0.9735182849936949
E2XP34,0.9730138713745271
A2ZT34,0.9730138713745271
PRVI3,0.9725094577553594
BUET3,0.9725094577553594
V2RN34,0.9717528373266078
SANC34,0.9717528373266078
R2RX34,0.9699873896595208
G2WR34,0.9699873896595208
P2CY34,0.9692307692307692
E2XE34,0.9667087011349307
Z2IT34,0.9667087011349307
J2AZ34,0.9646910466582598
CTAX3,0.9646910466582598
GOLL54,0.964186633039092
U2NF34,0.9634300126103404
M2AS34,0.9626733921815889
E2NT34,0.9619167717528373
A2SO34,0.9614123581336697
S2RE34,0.9601513240857503
TOKY3,0.9601513240857503
C2PR34,0.9598991172761665
L2SC34,0.9591424968474149
RVEE3,0.958890290037831
I2NV34,0.9583858764186634
P2OD34,0.9583858764186634
P2ST34,0.9576292559899118
K2RC34,0.9573770491803278
D2KS34,0.9573770491803278
CCTY3,0.9568726355611602
MOTV3,0.9558638083228247
G2ME34,0.9530895334174023
D2TC34,0.9525851197982346
T2RM34,0.9510718789407314
C2GN34,0.9490542244640605
BKYY39,0.9477931904161412
B2AP34,0.946279949558638
AZTE3,0.9447667087011349
SULT3,0.9442622950819672
CBMA4,0.9442622950819672
SCLO4,0.9442622950819672
SCLO3,0.9442622950819672
B2RK34,0.9435056746532157
A2LC34,0.9430012610340479
C2OU34,0.9417402269861286
BSLI4,0.9407313997477932
BIED3,0.9399747793190416
LARK4,0.9397225725094578
C2RN34,0.9379571248423707
R2NG34,0.9377049180327869
P2EG34,0.9361916771752837
F2RT34,0.9354350567465322
AMOB3,0.9346784363177806
ATED3,0.933921815889029
BRST3,0.9329129886506936
J2BL34,0.932156368221942
A2RR34,0.9253467843631779
T2ND34,0.9240857503152585
E2XA34,0.9223203026481716
B2UR34,0.9205548549810845
N2VC34,0.9203026481715006
E2PA34,0.9197982345523329
P2NB34,0.9192938209331651
D2OC34,0.9182849936948297
FNAM11,0.9180327868852459
H2TA34,0.9122320302648171
L2RN34,0.9092055485498108
J2WA34,0.9079445145018915
M2PR34,0.9023959646910467
N2TN34,0.9021437578814628
VTRU3,0.9013871374527113
S2CH34,0.8973518284993695
L2PL34,0.8945775535939471
O2HI34,0.8925598991172762
C2RS34,0.8918032786885246
S2TW34,0.8877679697351829
M2PM34,0.8872635561160152
F2IC34,0.8865069356872636
C2CA34,0.8822194199243379
S2FM34,0.8809583858764186
Q2SC34,0.8786885245901639
P2CF34,0.8744010088272384
ANDV34,0.8698612862547289
AETB34,0.8686002522068096
T2ER34,0.8630517023959647
A2MB34,0.8585119798234553
A2XO34,0.855233291298865
Z2SC34,0.8426229508196721
ESRX34,0.8418663303909205
C2HP34,0.839344262295082
O2NS34,0.837578814627995
FDES11,0.8358133669609079
CLOV34,0.8335435056746532
BFRE11,0.8295081967213115
IGTI4,0.8242118537200505
C2AC34,0.819672131147541
N2ET34,0.819672131147541
C2OL34,0.8156368221941992
VVAR4,0.8098360655737705
S2TA34,0.8095838587641866
N2LY34,0.8093316519546028
S2ED34,0.7944514501891551
M2ST34,0.7941992433795713
BKSA39,0.7936948297604035
BIYC39,0.7906683480453972
BIHA39,0.7899117276166456
BPIC39,0.7899117276166456
BCRB39,0.7899117276166456
INBR32,0.7894073139974779
BHDV39,0.7881462799495587
A2RE34,0.7878940731399747
BIDN39,0.7866330390920555
BCNY39,0.7866330390920555
BIJS39,0.7861286254728878
BUTL39,0.7861286254728878
BIYK39,0.7861286254728878
BKXI39,0.7848675914249684
PPLA36,0.7846153846153846
E2NP34,0.7783102143757882
M2RV34,0.7702395964691047
BSAN33,0.7699873896595208
S2NA34,0.7682219419924338
C2RW34,0.7674653215636822
U2PS34,0.7667087011349306
BSOC39,0.7667087011349306
BCHQ39,0.7667087011349306
BLPX39,0.7667087011349306
BLPA39,0.7667087011349306
BQYL39,0.7667087011349306
BBUG39,0.7664564943253468
BDRI39,0.7664564943253468
BHER39,0.7664564943253468
BOTZ39,0.7664564943253468
BCLO39,0.766204287515763
BFNX39,0.766204287515763
BPVE39,0.766204287515763
BCPX39,0.766204287515763
BURA39,0.766204287515763
BSIL39,0.766204287515763
BLBT39,0.766204287515763
BDVD39,0.766204287515763
BSDV39,0.766204287515763
FPOR11,0.765952080706179
AURE3,0.7626733921815889
TWXB34,0.7611601513240858
BEGU39,0.7581336696090795
BIYE39,0.7581336696090795
BUSM39,0.7581336696090795
BIJR39,0.7581336696090795
P2AN34,0.7566204287515763
DHBI4,0.7495586380832282
IGTI11,0.740983606557377
W2YF34,0.7402269861286255
XPBR31,0.7329129886506935
ONCO3,0.7306431273644388
BURT39,0.7301387137452712
BOEF39,0.7301387137452712
BIXG39,0.7301387137452712
BICL39,0.7298865069356872
W2ST34,0.7281210592686003
Z2LL34,0.7278688524590164
VITT3,0.7276166456494325
P2LN34,0.7271122320302649
P2CO34,0.7263556116015133
V2EE34,0.7261034047919294
F2NV34,0.7258511979823455
C2OI34,0.7258511979823455
E2EF34,0.7255989911727616
PPLA35,0.7255989911727616
C2PT34,0.7255989911727616
R2HH34,0.7253467843631778
B2HI34,0.7253467843631778
G2DD34,0.725094577553594
B2MB34,0.725094577553594
D2PZ34,0.725094577553594
D2AS34,0.72484237074401
P2LT34,0.72484237074401
R2BL34,0.72484237074401
H2UB34,0.72484237074401
P2IN34,0.72484237074401
U2PW34,0.72484237074401
E2TS34,0.72484237074401
P2AT34,0.72484237074401
F2VR34,0.72484237074401
E2ST34,0.72484237074401
LAND3,0.7233291298865069
VVEO3,0.7230769230769231
RAIZ4,0.7225725094577553
FIQE3,0.7213114754098361
ARML3,0.7213114754098361
TRAD3,0.7210592686002522
F1LI34,0.7210592686002522
AGXY3,0.7208070617906683
MLAS3,0.7200504413619168
DESK3,0.7200504413619168
TTEN3,0.7192938209331652
CBAV3,0.7190416141235814
BRBI11,0.7185372005044136
SMFT3,0.7185372005044136
P2EN34,0.7162673392181589
W1BD34,0.7127364438839848
C2HD34,0.7122320302648172
DOTZ3,0.7109709962168979
BFAV39,0.710718789407314
BHEF39,0.710718789407314
BVLU39,0.710718789407314
BCHI39,0.710718789407314
BIVW39,0.710718789407314
BEFG39,0.710718789407314
BFXI39,0.710718789407314
BXTC39,0.710718789407314
BEWJ39,0.710718789407314
BMTU39,0.710718789407314
BEWL39,0.710718789407314
BIXJ39,0.710718789407314
BEFV39,0.710718789407314
BIWF39,0.710718789407314
BIAU39,0.710718789407314
BGWH39,0.710718789407314
BIHI39,0.710718789407314
BEZU39,0.710718789407314
BEEM39,0.710718789407314
BIYG39,0.710718789407314
BIVE39,0.710718789407314
BIEV39,0.710718789407314
BIYF39,0.710718789407314
BAER39,0.710718789407314
BEWG39,0.710718789407314
BIBB39,0.710718789407314
BIXN39,0.710718789407314
BITO39,0.710718789407314
BEWC39,0.710718789407314
BQUA39,0.710718789407314
BIGF39,0.710718789407314
BCWV39,0.710718789407314
BIVB39,0.710718789407314
BUSR39,0.710718789407314
BEWU39,0.710718789407314
BEWQ39,0.710718789407314
BEMV39,0.710718789407314
BEWA39,0.710718789407314
BIYW39,0.710718789407314
BGRT39,0.710718789407314
BSIZ39,0.710718789407314
BDVY39,0.710718789407314
G2DI33,0.7087011349306431
MATD3,0.7079445145018916
IFCM3,0.7069356872635562
RECV3,0.7064312736443884
BSUS39,0.7061790668348046
SOJA3,0.7056746532156368
C2ZR34,0.7056746532156368
CXSE3,0.7056746532156368
GGPS3,0.7051702395964691
BLAU3,0.7036569987389659
ALLD3,0.7023959646910467
S2EA34,0.701891551071879
M2PW34,0.7016393442622951
B2YN34,0.7016393442622951
D2KN34,0.7013871374527112
S2NW34,0.7013871374527112
S2HO34,0.7013871374527112
U2ST34,0.7013871374527112
K2CG34,0.7011349306431274
T2TD34,0.7011349306431274
S2UI34,0.7011349306431274
T2DH34,0.7011349306431274
VVAR11,0.6996216897856242
J1EG34,0.6996216897856242
K1EY34,0.6983606557377049
J1BH34,0.6965952080706179
ASAI3,0.6950819672131148
CMIN3,0.6938209331651954
C1MI34,0.6933165195460277
F1TV34,0.6933165195460277
L1NC34,0.6933165195460277
ORVR3,0.6930643127364439
WEST3,0.69281210592686
OPCT3,0.69281210592686
CSED3,0.6925598991172761
BMOB3,0.6925598991172761
JALL3,0.6918032786885245
INTB3,0.6918032786885245
ESPA3,0.6912988650693569
VAMO3,0.6907944514501891
AIRB34,0.6905422446406053
PAGS34,0.6905422446406053
HBRE3,0.6895334174022698
AVLL3,0.6857503152585119
L1YV34,0.6857503152585119
S1BS34,0.6849936948297604
I1QY34,0.6847414880201765
NGRD3,0.6842370744010088
M1UF34,0.6834804539722572
RDOR3,0.6832282471626734
O1DF34,0.6819672131147541
R1EL34,0.6817150063051702
BEGE39,0.6807061790668348
S1IV34,0.6799495586380833
I1EX34,0.6794451450189155
O1TI34,0.6794451450189155
I1QV34,0.6791929382093317
W1SO34,0.6791929382093317
M1TC34,0.6789407313997478
C1GP34,0.6789407313997478
O1KT34,0.6784363177805801
T1AL34,0.6781841109709962
P1PG34,0.6781841109709962
H1TH34,0.6781841109709962
S1NN34,0.6781841109709962
G1DS34,0.6779319041614124
AERI3,0.6776796973518285
L1YG34,0.6776796973518285
BRAV3,0.6776796973518285
I1HG34,0.6774274905422446
CASH3,0.676923076923077
ENJU3,0.676923076923077
Q1UE34,0.676923076923077
C1RR34,0.676670870113493
W1IX34,0.676670870113493
N1WS35,0.676670870113493
T1SS34,0.6764186633039092
I1AC34,0.6764186633039092
P1YC34,0.6756620428751576
E1XP34,0.6756620428751576
R1YA34,0.6754098360655738
A1CR34,0.6754098360655738
L1VS34,0.6754098360655738
C1HT34,0.6751576292559899
D1OW34,0.6751576292559899
H1EI34,0.6751576292559899
T1LK34,0.6751576292559899
N1GG34,0.6751576292559899
W1RB34,0.6749054224464061
P1NR34,0.6749054224464061
G1FI34,0.6749054224464061
E1RI34,0.6749054224464061
A1EG34,0.6749054224464061
V1OD34,0.6749054224464061
M1BT34,0.6746532156368222
W1MG34,0.6746532156368222
N1OW34,0.6746532156368222
L1DO34,0.6746532156368222
TFCO4,0.6746532156368222
T1WL34,0.6744010088272383
P1KX34,0.6744010088272383
R1KU34,0.6744010088272383
B1IL34,0.6744010088272383
N1IC34,0.6744010088272383
K1TC34,0.6741488020176545
T1AM34,0.6741488020176545
E1QN34,0.6741488020176545
C1AB34,0.6741488020176545
C1TV34,0.6741488020176545
S1MF34,0.6741488020176545
D1DG34,0.6741488020176545
T1EV34,0.6741488020176545
S1KM34,0.6741488020176545
B1NT34,0.6741488020176545
B1AX34,0.6738965952080707
S1RE34,0.6738965952080707
P1UK34,0.6738965952080707
K1BF34,0.6738965952080707
V1IP34,0.6738965952080707
B1CS34,0.6736443883984867
B1TI34,0.6736443883984867
A1TH34,0.6736443883984867
W1BO34,0.6736443883984867
B1PP34,0.6736443883984867
N1VS34,0.6736443883984867
M1LC34,0.6736443883984867
G1SK34,0.6736443883984867
R1DY34,0.6736443883984867
P1DD34,0.6736443883984867
S1SN34,0.6736443883984867
A1SN34,0.6736443883984867
H1SB34,0.6736443883984867
N1VO34,0.6736443883984867
Z1TO34,0.6736443883984867
I1XC34,0.6736443883984867
E1CO34,0.6736443883984867
N1WG34,0.6736443883984867
A1RG34,0.6736443883984867
H1DB34,0.6736443883984867
I1BN34,0.6736443883984867
E1DU34,0.6736443883984867
I1FO34,0.6736443883984867
A1ZN34,0.6736443883984867
W1PP34,0.6736443883984867
G1LP34,0.6736443883984867
B1SA34,0.6736443883984867
D1EX34,0.6733921815889029
D1OC34,0.6733921815889029
M1DB34,0.6733921815889029
F1SL34,0.6731399747793191
B1AM34,0.6726355611601513
Z1OM34,0.6726355611601513
T1CH34,0.6726355611601513
M1RN34,0.6726355611601513
C1DW34,0.6726355611601513
S1TE34,0.6726355611601513
A1LN34,0.6726355611601513
M1KT34,0.6726355611601513
Z1BR34,0.6726355611601513
N1BI34,0.6726355611601513
S1RP34,0.6726355611601513
GMAT3,0.6723833543505675
FSTU11,0.6718789407313998
SEQL3,0.6718789407313998
MELK3,0.6701134930643128
HBSA3,0.669609079445145
DEXP4,0.669609079445145
CURY3,0.6686002522068096
PLPL3,0.6683480453972257
SIMH3,0.6683480453972257
PETZ3,0.6675914249684741
JSLG3,0.6668348045397225
LAVV3,0.6658259773013872
PGMN3,0.6658259773013872
M1LM34,0.6645649432534678
DMVF3,0.6612862547288777
LJQQ3,0.6612862547288777
P1SA34,0.6607818411097099
C1HK34,0.6572509457755359
AMBP3,0.6562421185372005
C1NS34,0.6549810844892812
AURA33,0.6549810844892812
B1RF34,0.6537200504413619
F1FI34,0.653467843631778
J1KH34,0.6529634300126104
I1NC34,0.6509457755359395
R1OL34,0.6496847414880201
FSRF11,0.6489281210592686
T1EL34,0.6489281210592686
C1DN34,0.6489281210592686
A1TM34,0.6486759142496847
ALPK3,0.6471626733921816
L1HX34,0.6469104665825978
S1NA34,0.6469104665825978
C1OO34,0.6466582597730138
E1SS34,0.6466582597730138
A1NE34,0.6459016393442623
L1CA34,0.6459016393442623
Q1RV34,0.6448928121059269
A1ME34,0.644640605296343
W1LT34,0.6438839848675915
A1RE34,0.6438839848675915
A1ON34,0.6431273644388399
C1BL34,0.642875157629256
H1II34,0.6418663303909206
L1YB34,0.6418663303909206
T1TW34,0.6408575031525852
M1TD34,0.6380832282471627
R1MD34,0.6378310214375789
M1AA34,0.6378310214375789
R1HI34,0.6375788146279949
C1TA34,0.6375788146279949
C1MS34,0.6375788146279949
F1TN34,0.6375788146279949
A1WK34,0.6375788146279949
H1OG34,0.6375788146279949
G1LL34,0.6375788146279949
A1EE34,0.6375788146279949
L1OE34,0.6375788146279949
A1VB34,0.6373266078184111
R1OP34,0.6370744010088273
S1JM34,0.6370744010088273
L1EG34,0.6370744010088273
W1EC34,0.6370744010088273
A1JG34,0.6370744010088273
O1MC34,0.6370744010088273
H1SI34,0.6370744010088273
R1IN34,0.6370744010088273
A1IV34,0.6370744010088273
U1HS34,0.6370744010088273
U1DR34,0.6370744010088273
H1UM34,0.6370744010088273
X1YL34,0.6370744010088273
E1MR34,0.6370744010088273
C1BR34,0.6370744010088273
E1TR34,0.6370744010088273
E1VE34,0.6370744010088273
M1CK34,0.6370744010088273
G1PC34,0.6368221941992434
M1HK34,0.6368221941992434
V1MC34,0.6368221941992434
D1OV34,0.6368221941992434
R1OK34,0.6368221941992434
W1AB34,0.6368221941992434
G1AR34,0.6368221941992434
L1UL34,0.6368221941992434
H1AS34,0.6368221941992434
P1NW34,0.6368221941992434
V1TA34,0.6368221941992434
P1VH34,0.6368221941992434
S1EA34,0.6368221941992434
N1VR34,0.6368221941992434
D1RI34,0.6368221941992434
I1LM34,0.6368221941992434
P1KG34,0.6368221941992434
H1RB34,0.6365699873896595
F1MC34,0.6365699873896595
L1WH34,0.6365699873896595
O1KE34,0.6365699873896595
K1MX34,0.6365699873896595
U1RI34,0.6365699873896595
Z1BH34,0.6363177805800757
C1PB34,0.6360655737704918
A1LG34,0.6360655737704918
B1FC34,0.6360655737704918
T1DG34,0.6360655737704918
J1EF34,0.6360655737704918
S1HW34,0.6360655737704918
S1LG34,0.6360655737704918
G1PI34,0.6355611601513241
I1RP34,0.6350567465321564
B1LL34,0.6348045397225726
V1RS34,0.6348045397225726
M1NS34,0.6343001261034048
I1DX34,0.633795712484237
E1WL34,0.633795712484237
V1NO34,0.6335435056746532
A1PH34,0.6335435056746532
W1HR34,0.6335435056746532
N1UE34,0.6335435056746532
N1TR34,0.6335435056746532
P1FG34,0.6335435056746532
W1EL34,0.6335435056746532
F1BH34,0.6335435056746532
B1WA34,0.6335435056746532
M1TB34,0.6335435056746532
S1WK34,0.6335435056746532
S1SL34,0.6335435056746532
A1LK34,0.6335435056746532
R1EG34,0.6335435056746532
P1AC34,0.6335435056746532
I1TW34,0.6335435056746532
C1MA34,0.6335435056746532
T1XT34,0.6335435056746532
A1GI34,0.6335435056746532
A1EN34,0.6335435056746532
I1RM34,0.6335435056746532
P1EG34,0.6335435056746532
A1MP34,0.6335435056746532
A1TT34,0.6335435056746532
D1LR34,0.6335435056746532
U1AI34,0.6335435056746532
K1IM34,0.6335435056746532
N1SC34,0.6335435056746532
K1SG34,0.6335435056746532
S1NP34,0.6335435056746532
W1DA34,0.6335435056746532
A1SU34,0.6335435056746532
M1SC34,0.6335435056746532
A1VY34,0.6335435056746532
P1HC34,0.6335435056746532
R1JF34,0.6335435056746532
T1RO34,0.6335435056746532
H1IG34,0.6335435056746532
P1HM34,0.6332912988650694
S1YM34,0.6332912988650694
L1EN34,0.6332912988650694
N1DA34,0.6332912988650694
P1PL34,0.6332912988650694
K1RC34,0.6332912988650694
M1CH34,0.6332912988650694
M1AS34,0.6332912988650694
U1LT34,0.6332912988650694
C1AG34,0.6332912988650694
C1AH34,0.6332912988650694
H1RL34,0.6332912988650694
I1PC34,0.6332912988650694
W1YC34,0.6330390920554855
C1FI34,0.6330390920554855
E1QR34,0.6330390920554855
W1MB34,0.6330390920554855
Z1IO34,0.6330390920554855
B1KR34,0.6330390920554855
C1CI34,0.6330390920554855
H1FC34,0.6330390920554855
P1EA34,0.6330390920554855
H1PE34,0.6330390920554855
H1BA34,0.6330390920554855
N1WS34,0.6330390920554855
D1XC34,0.6330390920554855
F1RA34,0.6330390920554855
T1OW34,0.6330390920554855
R1FC34,0.6330390920554855
C1FG34,0.6330390920554855
N1IS34,0.6330390920554855
D1EL34,0.6330390920554855
N1WL34,0.6330390920554855
G1MI34,0.6330390920554855
H1ST34,0.6330390920554855
A1ES34,0.6330390920554855
U1NM34,0.6330390920554855
R1LC34,0.6330390920554855
W1YN34,0.6330390920554855
D1HI34,0.6330390920554855
G1LW34,0.6330390920554855
E1MN34,0.6330390920554855
P1RG34,0.6327868852459017
N1CL34,0.6327868852459017
C1MG34,0.6327868852459017
S1TT34,0.6327868852459017
S1OU34,0.6327868852459017
R1CL34,0.6327868852459017
E1TN34,0.6327868852459017
H1LT34,0.6327868852459017
D1VN34,0.6327868852459017
Q1UA34,0.6327868852459017
M1TT34,0.6327868852459017
E1IX34,0.6327868852459017
N1RG34,0.6327868852459017
M1PC34,0.6325346784363178
A1FL34,0.6325346784363178
A1LL34,0.6325346784363178
A1OS34,0.6325346784363178
M1MC34,0.6322824716267339
M1SI34,0.6322824716267339
C1NC34,0.6322824716267339
C1OG34,0.6322824716267339
S1BA34,0.6322824716267339
S1YK34,0.6322824716267339
T1FX34,0.6322824716267339
L1KQ34,0.6322824716267339
Z1TS34,0.6322824716267339
P1GR34,0.6322824716267339
I1SR34,0.6322824716267339
N1EM34,0.6322824716267339
A1GN34,0.6320302648171501
B1DX34,0.6320302648171501
I1FF34,0.6320302648171501
C1PR34,0.6320302648171501
F1AN34,0.6317780580075663
E1XR34,0.6317780580075663
G1RM34,0.6317780580075663
A1UT34,0.6315258511979823
F1LS34,0.6315258511979823
K1LA34,0.6315258511979823
E1OG34,0.6315258511979823
S1YY34,0.6315258511979823
B1BT34,0.6315258511979823
A1DI34,0.6315258511979823
P1SX34,0.6315258511979823
H1CA34,0.6315258511979823
A1PD34,0.6315258511979823
E1LV34,0.6315258511979823
PRNR3,0.6312736443883985
A1LB34,0.6310214375788147
P1DT34,0.6307692307692307
E1XC34,0.6307692307692307
M1GM34,0.6307692307692307
MDNE3,0.6307692307692307
I1PG34,0.6307692307692307
L1MN34,0.6307692307692307
T1RI34,0.6307692307692307
N1TA34,0.6305170239596469
M1CB34,0.6305170239596469
MTRE3,0.6302648171500631
I1CE34,0.6302648171500631
G1WW34,0.6302648171500631
F1EC34,0.6302648171500631
C1BO34,0.6302648171500631
S1PO34,0.6302648171500631
C1NP34,0.6300126103404792
X1EL34,0.6300126103404792
P1LD34,0.6300126103404792
T1SC34,0.6300126103404792
P1AY34,0.6300126103404792
E1SE34,0.6300126103404792
E1VR34,0.6300126103404792
W1MC34,0.6300126103404792
D1TE34,0.6300126103404792
A1EP34,0.6300126103404792
R1SG34,0.6300126103404792
C1HR34,0.6297604035308954
B1MR34,0.6297604035308954
N1OV34,0.6297604035308954
A1KA34,0.6297604035308954
A1AP34,0.6297604035308954
E1CL34,0.6297604035308954
M1KC34,0.6297604035308954
LWSA3,0.6295081967213115
N1XP34,0.6292559899117276
S1TX34,0.6292559899117276
L1RC34,0.6290037831021438
J1CI34,0.628499369482976
T1SO34,0.628499369482976
D1OM34,0.628499369482976
B1SX34,0.628499369482976
T1MU34,0.628499369482976
T1EC34,0.628499369482976
F1IS34,0.628499369482976
U1AL34,0.6282471626733922
C1IC34,0.6279949558638083
A1PA34,0.6269861286254729
C1CL34,0.6257250945775535
BOBR3,0.6252206809583859
I1VZ34,0.6239596469104666
A1MD34,0.6239596469104666
A1MT34,0.6239596469104666
A1DM34,0.6237074401008827
S1YF34,0.6237074401008827
W1DC34,0.6237074401008827
K1SS34,0.623203026481715
F1NI34,0.6221941992433796
U1BE34,0.6221941992433796
PHGN34,0.6211853720050441
BILB34,0.6211853720050441
DEOP34,0.6211853720050441
TMCO34,0.6211853720050441
RIOT34,0.6211853720050441
NMRH34,0.6211853720050441
HOND34,0.6211853720050441
ASML34,0.6211853720050441
SAPP34,0.6211853720050441
TAKP34,0.6211853720050441
INGG34,0.6211853720050441
TLNC34,0.6211853720050441
NETE34,0.6211853720050441
BIDU34,0.6211853720050441
BABA34,0.6186633039092055
BMGB4,0.6181588902900378
STMN34,0.6168978562421186
SNEC34,0.6148802017654477
CEAB3,0.6141235813366961
BCSA34,0.6136191677175283
JDCO34,0.6133669609079445
CRIP34,0.6131147540983607
FMSC34,0.6123581336696091
TSMC34,0.6123581336696091
ULEV34,0.6123581336696091
NOKI34,0.6123581336696091
ABUD34,0.6123581336696091
TXSA34,0.6118537200504414
VIVA3,0.6098360655737705
FOXC34,0.6068095838587642
BOVB11,0.6065573770491803
XPIE11,0.6030264817150063
ALOS3,0.5979823455233292
WABC34,0.5931904161412358
DCVY34,0.5931904161412358
THGI34,0.5931904161412358
VFCO34,0.5931904161412358
CINF34,0.5931904161412358
DLTR34,0.5931904161412358
YUMR34,0.5931904161412358
CPRL34,0.5931904161412358
VLYB34,0.5931904161412358
AWII34,0.5931904161412358
VRSN34,0.5931904161412358
FFTD34,0.5931904161412358
ORLY34,0.5931904161412358
TPRY34,0.5931904161412358
FSLR34,0.5931904161412358
KMPR34,0.5931904161412358
CAPH34,0.5931904161412358
AZOI34,0.5931904161412358
LBRD34,0.5931904161412358
CLXC34,0.5931904161412358
GPRK34,0.5931904161412358
DBAG34,0.5931904161412358
EAIN34,0.5931904161412358
FASL34,0.5931904161412358
CHDC34,0.5931904161412358
XRAY34,0.5931904161412358
MKLC34,0.5931904161412358
APTV34,0.5931904161412358
CRIN34,0.5931904161412358
WATC34,0.5931904161412358
DVAI34,0.5931904161412358
TSNF34,0.5931904161412358
CRDA34,0.5931904161412358
NEOE3,0.5914249684741488
CSXC34,0.5894073139974779
STZB34,0.5894073139974779
UNHH34,0.5894073139974779
ADPR34,0.5894073139974779
TJXC34,0.5894073139974779
MOOO34,0.5894073139974779
CAON34,0.5894073139974779
VRTX34,0.5894073139974779
OXYP34,0.5894073139974779
ELCI34,0.5894073139974779
NEXT34,0.5894073139974779
MUTC34,0.5894073139974779
KMIC34,0.5894073139974779
SPGI34,0.5894073139974779
CNIC34,0.5894073139974779
MCOR34,0.5894073139974779
CHME34,0.5894073139974779
REGN34,0.5894073139974779
CHCM34,0.5894073139974779
LOWC34,0.5894073139974779
PNCS34,0.5894073139974779
NOCG34,0.5894073139974779
PYPL34,0.5891551071878941
EXGR34,0.5889029003783102
MELI34,0.5883984867591425
AVGO34,0.58562421185372
INTU34,0.58562421185372
BKNG34,0.5843631778058007
DGCO34,0.5841109709962169
SIMN34,0.5841109709962169
EQIX34,0.5828499369482976
ADBE34,0.5828499369482976
DEEC34,0.5828499369482976
NVDC34,0.5828499369482976
SBFG3,0.5788146279949559
EMAE3,0.5770491803278689
LOGG3,0.5596469104665825
RJCP3,0.5366960907944515
HAPV3,0.5185372005044137
VBBR3,0.5109709962168979
JPSA4,0.5046658259773014
PRML3,0.5026481715006306
ELPL4,0.5021437578814628
SAPR11,0.4978562421185372
DDNB34,0.4965952080706179
CAML3,0.4832282471626734
CZLT33,0.482219419924338
ODER4,0.47994955863808325
IRBR3,0.4726355611601513
AELP3,0.47162673392181587
DAGB33,0.47112232030264817
WLMM3,0.46860025220680956
TERI3,0.4668348045397226
MOVI3,0.46078184110971
CREM3,0.4605296343001261
TAEE4,0.4582597730138714
BTTL4,0.4554854981084489
FIBR3,0.45346784363177806
OGXP3,0.4519546027742749
RNEW4,0.45119798234552333
FBMC4,0.45069356872635563
FBMC3,0.45069356872635563
AALL34,0.4471626733921816
B1BW34,0.44640605296343
SJOS4,0.4461538461538462
SJOS3,0.4461538461538462
LFFE4,0.4461538461538462
IMBI3,0.4461538461538462
LFFE3,0.4461538461538462
DHBI3,0.4461538461538462
VALE5,0.4461538461538462
SULT4,0.4461538461538462
CBMA3,0.4461538461538462
BPAC11,0.4461538461538462
IMBI4,0.4461538461538462
GPRO34,0.44161412358133667
TSLA34,0.4398486759142497
UBSG34,0.42849936948297607
AALR3,0.4257250945775536
GMCO34,0.424968474148802
ARNC34,0.42471626733921813
BOVV11,0.42471626733921813
AIGB34,0.4224464060529634
ALUP3,0.421437578814628
DUKB34,0.42118537200504413
ALUP4,0.4171500630517024
MRSA5B,0.4131147540983607
BBYY34,0.4100882723833543
RIGG34,0.4100882723833543
VLOE34,0.4100882723833543
BPAC3,0.40630517023959645
BPAC5,0.40630517023959645
MDTC34,0.4060529634300126
COWC34,0.4060529634300126
CTSH34,0.40226986128625475
DEAI34,0.4005044136191677
GPSI34,0.4
ABBV34,0.4
SSFO34,0.398234552332913
MACY34,0.3977301387137453
ROST34,0.39672131147540984
BOXP34,0.39672131147540984
TRVC34,0.39672131147540984
MEND3,0.39646910466582597
GOGL35,0.3952080706179067
GOGL34,0.3952080706179067
SCHW34,0.39344262295081966
BLAK34,0.39344262295081966
BIIB34,0.39344262295081966
CVSH34,0.3931904161412358
TMOS34,0.3931904161412358
GILD34,0.3931904161412358
SHUL3,0.3674653215636822
GDBR34,0.3566204287515763
HSHY34,0.3566204287515763
WUNI34,0.3566204287515763
MOSC34,0.3566204287515763
KMBB34,0.3530895334174023
BONY34,0.3530895334174023
ACNB34,0.3530895334174023
TGTB34,0.3530895334174023
METB34,0.35258511979823454
TEXA34,0.35208070617906684
FMXB34,0.35208070617906684
NATU3,0.35182849936948296
UPAC34,0.3493064312736444
DHER34,0.3493064312736444
MDLZ34,0.34880201765447666
COTY34,0.34779319041614126
ISAE3,0.3455233291298865
WIZC3,0.3379571248423707
SPXI11,0.3291298865069357
RAIL3,0.32736443883984867
BBSD11,0.3205548549810845
USBC34,0.31828499369482977
RYTT34,0.3137452711223203
OFSA3,0.2996216897856242
MRSA6B,0.296343001261034
IVVB11,0.2754098360655738
M1TA34,0.2605296343001261
KHCB34,0.2544766708701135
KLBN11,0.25296343001261035
CVCB3,0.24564943253467844
MATB11,0.24514501891551072
SEER3,0.23883984867591426
ANIM3,0.23858764186633039
BERK34,0.23858764186633039
RNEW3,0.22824716267339218
CMCS34,0.22244640605296342
MTIG3,0.22042875157629255
BMYB34,0.21664564943253467
HONB34,0.21563682219419925
ECOO11,0.2128625472887768
XBOV11,0.20933165195460277
BBSE3,0.20655737704918034
ALUP11,0.20580075662042877
MSBR34,0.20453972257250946
SBUB34,0.1962168978562421
PINE3,0.19218158890290038
MRSA3B,0.18940731399747793
BPHA3,0.18562421185372005
NFLX34,0.15636822194199243
QCOM34,0.15636822194199243
HALI34,0.15636822194199243
PHMO34,0.15636822194199243
ISUS11,0.15510718789407313
FIND11,0.15384615384615385
GOVE11,0.15182849936948298
BOEI34,0.14653215636822195
XRXB34,0.14627994955863807
FDMO34,0.14577553593947037
LMTB34,0.14577553593947037
HPQB34,0.14577553593947037
ITLC34,0.14527112232030265
AMGN34,0.14527112232030265
VERZ34,0.14527112232030265
ABTT34,0.14527112232030265
CHVX34,0.1450189155107188
JPMC34,0.1450189155107188
COPH34,0.14476670870113492
UCAS3,0.14476670870113492
PPLA11,0.14451450189155107
FDXB34,0.14224464060529635
LILY34,0.1419924337957125
UPSS34,0.14047919293820932
EXXO34,0.13795712484237074
COGN3,0.13694829760403532
HOME34,0.13619167717528374
DIVO11,0.13543505674653217
EBAY34,0.13543505674653217
AAPL34,0.1334174022698613
PEPB34,0.1334174022698613
JNJB34,0.1334174022698613
MMMC34,0.1334174022698613
CSCO34,0.13316519546027744
SLBG34,0.13266078184110972
VISA34,0.130390920554855
MSCD34,0.130390920554855
AMZO34,0.1301387137452711
DISB34,0.1296343001261034
CLSC4,0.1283732660781841
NIKE34,0.12484237074401008
WFCO34,0.12484237074401008
ORCL34,0.12484237074401008
ATTB34,0.12484237074401008
CATP34,0.12459016393442623
AXPB34,0.12459016393442623
MRCK34,0.12459016393442623
BRAX11,0.12282471626733922
IBMB34,0.11702395964691047
COLG34,0.10895334174022699
GEOO34,0.10744010088272384
CAMB3,0.10592686002522068
ADHM3,0.10592686002522068
BRPR3,0.09886506935687264
COCA34,0.09735182849936948
TECN3,0.09331651954602774
QUAL3,0.09281210592686003
ECPR4,0.08827238335435057
SLED4,0.08827238335435057
CORR4,0.08827238335435057
SLED3,0.08827238335435057
ECPR3,0.08827238335435057
TENE5,0.08827238335435057
SHOW3,0.08650693568726356
PGCO34,0.08272383354350568
MGLU3,0.08247162673392182
MEAL3,0.07414880201765447
AZZA3,0.06759142496847415
CEED4,0.06456494325346784
FCXO34,0.06027742749054225
MSFT34,0.05851197982345523
CTGP34,0.05649432534678436
PRIO3,0.05069356872635561
WALM34,0.04741488020176545
MCDC34,0.04741488020176545
ARMT34,0.04741488020176545
PFIZ34,0.04741488020176545
BOAC34,0.04741488020176545
GSGI34,0.04741488020176545
NUTR3,0.04186633039092055
EQMA3B,0.04110970996216898
CEED3,0.020933165195460277
MILS3,0.017654476670870115
BRGE11,0.01664564943253468
BRGE3,0.01664564943253468
VSPT3,0.01664564943253468
BRGE6,0.01664564943253468
BRIV4,0.01664564943253468
BRGE12,0.01664564943253468
BRGE5,0.01664564943253468
CRIV3,0.01664564943253468
BRGE8,0.01664564943253468
BRGE7,0.01664564943253468
BRIV3,0.01664564943253468
CRIV4,0.01664564943253468
ECOR3,0.015132408575031526
SMAL11,0.011349306431273645
INEP4,0.008575031525851198
CASN4,0.006305170239596469
VSTE3,0.005548549810844893
BOVA11,0.005044136191677175
PIBB11,0.005044136191677175
CBEE3,0.0015132408575031526
ISAE4,0.0007566204287515763
B3SA3,0.0005044136191677175
AZEV3,0.00025220680958385876
HBTS5,0.0
ETER3,0.0
ITSA3,0.0
MMAQ4,0.0
AHEB5,0.0
ITUB4,0.0
DASA3,0.0
VIVR3,0.0
BEES4,0.0
JHSF3,0.0
FIGE4,0.0
BALM3,0.0
SMTO3,0.0
FIGE3,0.0
MWET3,0.0
FLRY3,0.0
RPMG3,0.0
CEEB3,0.0
MERC4,0.0
ENGI4,0.0
LUXM4,0.0
TELB4,0.0
TEKA4,0.0
AFLT3,0.0
PETR3,0.0
SUZB3,0.0
PETR4,0.0
PDTC3,0.0
USIM3,0.0
OIBR3,0.0
PEAB3,0.0
MMAQ3,0.0
CYRE3,0.0
UGPA3,0.0
VLID3,0.0
GFSA3,0.0
CEBR3,0.0
BGIP4,0.0
CEBR6,0.0
TXRX4,0.0
DEXP3,0.0
CGRA3,0.0
CEDO3,0.0
AMER3,0.0
EKTR4,0.0
AHEB3,0.0
WHRL3,0.0
SNSY5,0.0
ENGI3,0.0
PATI4,0.0
BDLL3,0.0
PINE4,0.0
RPAD5,0.0
ESTR4,0.0
USIM6,0.0
SLCE3,0.0
DXCO3,0.0
LREN3,0.0
FESA4,0.0
CGAS3,0.0
ABEV3,0.0
CEGR3,0.0
SOND3,0.0
SYNE3,0.0
VALE3,0.0
TAEE3,0.0
KLBN4,0.0
CPFE3,0.0
BMIN3,0.0
USIM5,0.0
COCE3,0.0
FESA3,0.0
TGMA3,0.0
FHER3,0.0
BMEB3,0.0
TOTS3,0.0
POSI3,0.0
ABCB4,0.0
BAUH4,0.0
ITUB3,0.0
VIVT3,0.0
SANB3,0.0
EKTR3,0.0
OSXB3,0.0
EALT3,0.0
CLSC3,0.0
GEPA3,0.0
TUPY3,0.0
BRKM3,0.0
RCSL3,0.0
CRPG3,0.0
ALPA3,0.0
COCE5,0.0
WLMM4,0.0
CTNM4,0.0
HETA3,0.0
MOAR3,0.0
MDIA3,0.0
JFEN3,0.0
MNPR3,0.0
TAEE11,0.0
MBRF3,0.0
APTI4,0.0
SCAR3,0.0
BIOM3,0.0
CSNA3,0.0
CTKA4,0.0
CTSA3,0.0
PFRM3,0.0
REDE3,0.0
RADL3,0.0
PMAM3,0.0
TKNO3,0.0
ENMT4,0.0
EQPA3,0.0
BAZA3,0.0
ODPV3,0.0
IGTI3,0.0
CSUD3,0.0
SANB4,0.0
GRND3,0.0
AXIA3,0.0
RSUL4,0.0
LOGN3,0.0
PSSA3,0.0
LIGT3,0.0
AGRO3,0.0
PTNT4,0.0
POMO4,0.0
EUCA3,0.0
PLAS3,0.0
FNOR11,0.0
BEEF3,0.0
CGRA4,0.0
BBDC3,0.0
GEPA4,0.0
BPAN4,0.0
CRPG6,0.0
RPAD6,0.0
RAPT3,0.0
BPAR3,0.0
BDLL4,0.0
RCSL4,0.0
CPLE3,0.0
CGAS5,0.0
GOAU3,0.0
SAPR3,0.0
INEP3,0.0
HBOR3,0.0
MAPT3,0.0
LUPA3,0.0
RENT3,0.0
LPSB3,0.0
TELB3,0.0
MWET4,0.0
FIEI3,0.0
MERC3,0.0
DIRR3,0.0
TASA3,0.0
KEPL3,0.0
BOBR4,0.0
NEXP3,0.0
CEDO4,0.0
NORD3,0.0
GUAR3,0.0
SOND6,0.0
PATI3,0.0
EUCA4,0.0
FICT3,0.0
TXRX3,0.0
ENEV3,0.0
RSID3,0.0
EPAR3,0.0
GOAU4,0.0
BALM4,0.0
EGIE3,0.0
CMIG3,0.0
TEND3,0.0
CSAN3,0.0
SNSY3,0.0
POMO3,0.0
MGEL4,0.0
GGBR3,0.0
PNVL3,0.0
TKNO4,0.0
BNBR3,0.0
MTSA4,0.0
ENGI11,0.0
GSHP3,0.0
EQPA6,0.0
SHUL4,0.0
AXIA6,0.0
BRSR5,0.0
PCAR3,0.0
BMEB4,0.0
MAPT4,0.0
TIMS3,0.0
MULT3,0.0
BRSR3,0.0
MGEL3,0.0
PEAB4,0.0
PDGR3,0.0
CTKA3,0.0
DOHL3,0.0
AZEV4,0.0
RPAD3,0.0
LEVE3,0.0
CTSA4,0.0
VULC3,0.0
BHIA3,0.0
CALI3,0.0
CSMG3,0.0
EQPA5,0.0
FRAS3,0.0
GGBR4,0.0
SGPS3,0.0
TEKA3,0.0
EQTL3,0.0
MYPK3,0.0
ENMT3,0.0
ROMI3,0.0
JOPA4,0.0
BRAP4,0.0
CEEB5,0.0
EALT4,0.0
MRVE3,0.0
UNIP5,0.0
BRSR6,0.0
BGIP3,0.0
TASA4,0.0
ALPA4,0.0
UNIP6,0.0
MSPA4,0.0
BRKM6,0.0
BMIN4,0.0
AXIA5,0.0
CMIG4,0.0
BEES3,0.0
JOPA3,0.0
DOHL4,0.0
COCE6,0.0
RAPT4,0.0
RANI3,0.0
SAPR4,0.0
MNDL3,0.0
SOND5,0.0
SANB11,0.0
ESTR3,0.0
KLBN3,0.0
HOOT4,0.0
FRIO3,0.0
EZTC3,0.0
DTCY3,0.0
LUXM3,0.0
BRAP3,0.0
YDUQ3,0.0
CEBR5,0.0
WHRL4,0.0
EMAE4,0.0
TCSA3,0.0
AMAR3,0.0
OIBR4,0.0
BMKS3,0.0
PTNT3,0.0
EVEN3,0.0
HETA4,0.0
TRIS3,0.0
ITSA4,0.0
HAGA3,0.0
CASN3,0.0
BRKM5,0.0
TPIS3,0.0
HYPE3,0.0
BBAS3,0.0
HAGA4,0.0
BSLI3,0.0
MSPA3,0.0
PTBL3,0.0
BBDC4,0.0
UNIP3,0.0
SBSP3,0.0
EQPA7,0.0
MTSA3,0.0
CRPG5,0.0
WEGE3,0.0
AHEB6,0.0
GPAR3,0.0
