Data,IBOV
2010-01-04,70045.0
2010-01-05,70240.0
2010-01-06,70729.0
2010-01-07,70451.0
2010-01-08,70263.0
2010-01-11,70433.0
2010-01-12,70076.0
2010-01-13,70385.0
2010-01-14,69801.0
2010-01-15,68978.0
2010-01-18,69401.0
2010-01-19,69909.0
2010-01-20,68200.0
2010-01-21,66270.0
2010-01-22,66220.0
2010-01-26,65524.0
2010-01-27,65070.0
2010-01-28,65588.0
2010-01-29,65402.0
2010-02-01,66572.0
2010-02-02,67163.0
2010-02-03,67109.0
2010-02-04,63934.0
2010-02-05,62763.0
2010-02-08,63153.0
2010-02-09,64718.0
2010-02-10,65051.0
2010-02-11,66129.0
2010-02-12,65855.0
2010-02-17,67285.0
2010-02-18,67836.0
2010-02-19,67597.0
2010-02-22,67184.0
2010-02-23,66108.0
2010-02-24,65795.0
2010-02-25,66121.0
2010-02-26,66503.0
2010-03-01,67228.0
2010-03-02,67779.0
2010-03-03,67641.0
2010-03-04,67815.0
2010-03-05,68847.0
2010-03-08,68575.0
2010-03-09,69576.0
2010-03-10,69979.0
2010-03-11,69885.0
2010-03-12,69341.0
2010-03-15,69024.0
2010-03-16,69942.0
2010-03-17,69723.0
2010-03-18,69697.0
2010-03-19,68829.0
2010-03-22,69042.0
2010-03-23,69387.0
2010-03-24,68913.0
2010-03-25,68442.0
2010-03-26,68683.0
2010-03-29,69939.0
2010-03-30,69960.0
2010-03-31,70372.0
2010-04-01,71136.0
2010-04-05,71290.0
2010-04-06,71096.0
2010-04-07,70793.0
2010-04-08,71785.0
2010-04-09,71417.0
2010-04-12,70614.0
2010-04-13,70792.0
2010-04-14,71035.0
2010-04-15,70524.0
2010-04-16,69421.0
2010-04-19,69098.0
2010-04-20,69318.0
2010-04-22,69386.0
2010-04-23,69509.0
2010-04-26,68872.0
2010-04-27,66511.0
2010-04-28,66656.0
2010-04-29,67978.0
2010-04-30,67530.0
2010-05-03,67119.0
2010-05-04,64869.0
2010-05-05,64914.0
2010-05-06,63414.0
2010-05-07,62871.0
2010-05-10,65453.0
2010-05-11,64425.0
2010-05-12,65224.0
2010-05-13,64788.0
2010-05-14,63412.0
2010-05-17,62866.0
2010-05-18,60841.0
2010-05-19,59689.0
2010-05-20,58192.0
2010-05-21,60259.0
2010-05-24,59915.0
2010-05-25,59184.0
2010-05-26,60190.0
2010-05-27,62092.0
2010-05-28,61947.0
2010-05-31,63047.0
2010-06-01,61841.0
2010-06-02,62943.0
2010-06-04,61676.0
2010-06-07,61183.0
2010-06-08,61856.0
2010-06-09,61479.0
2010-06-10,63049.0
2010-06-11,63605.0
2010-06-14,63533.0
2010-06-15,64442.0
2010-06-16,64751.0
2010-06-17,64541.0
2010-06-18,64438.0
2010-06-21,64829.0
2010-06-22,64811.0
2010-06-23,65160.0
2010-06-24,63937.0
2010-06-25,64824.0
2010-06-28,64225.0
2010-06-29,61978.0
2010-06-30,60936.0
2010-07-01,61236.0
2010-07-02,61430.0
2010-07-05,60865.0
2010-07-06,62065.0
2010-07-07,63284.0
2010-07-08,63476.0
2010-07-12,62960.0
2010-07-13,63686.0
2010-07-14,63479.0
2010-07-15,63489.0
2010-07-16,62339.0
2010-07-19,63297.0
2010-07-20,64463.0
2010-07-21,64477.0
2010-07-22,65748.0
2010-07-23,66323.0
2010-07-26,66443.0
2010-07-27,66674.0
2010-07-28,66808.0
2010-07-29,66954.0
2010-07-30,67515.0
2010-08-02,68517.0
2010-08-03,67997.0
2010-08-04,68272.0
2010-08-05,68412.0
2010-08-06,68095.0
2010-08-09,67862.0
2010-08-10,67223.0
2010-08-11,65790.0
2010-08-12,65966.0
2010-08-13,66264.0
2010-08-16,66702.0
2010-08-17,67584.0
2010-08-18,67638.0
2010-08-19,66887.0
2010-08-20,66677.0
2010-08-23,65982.0
2010-08-24,65156.0
2010-08-25,64803.0
2010-08-26,63867.0
2010-08-27,65585.0
2010-08-30,64261.0
2010-08-31,65145.0
2010-09-01,67073.0
2010-09-02,66808.0
2010-09-03,66679.0
2010-09-06,66747.0
2010-09-08,66407.0
2010-09-09,66624.0
2010-09-10,66807.0
2010-09-13,68031.0
2010-09-14,67692.0
2010-09-15,68107.0
2010-09-16,67663.0
2010-09-17,67089.0
2010-09-20,68190.0
2010-09-21,67719.0
2010-09-22,68325.0
2010-09-23,68794.0
2010-09-24,68196.0
2010-09-27,68816.0
2010-09-28,69228.0
2010-09-29,69228.0
2010-09-30,69430.0
2010-10-01,70229.0
2010-10-04,70385.0
2010-10-05,71283.0
2010-10-06,70541.0
2010-10-07,69918.0
2010-10-08,70809.0
2010-10-11,70946.0
2010-10-13,71675.0
2010-10-14,71692.0
2010-10-15,71830.0
2010-10-18,71736.0
2010-10-19,69864.0
2010-10-20,70405.0
2010-10-21,69652.0
2010-10-22,69530.0
2010-10-25,69580.0
2010-10-26,70740.0
2010-10-27,70569.0
2010-10-28,70320.0
2010-10-29,70673.0
2010-11-01,71561.0
2010-11-03,71905.0
2010-11-04,72996.0
2010-11-05,72607.0
2010-11-08,72657.0
2010-11-09,71679.0
2010-11-10,71638.0
2010-11-11,71195.0
2010-11-12,70367.0
2010-11-16,69192.0
2010-11-17,69709.0
2010-11-18,70781.0
2010-11-19,70898.0
2010-11-22,69633.0
2010-11-23,67953.0
2010-11-24,69629.0
2010-11-25,69362.0
2010-11-26,68226.0
2010-11-29,67908.0
2010-11-30,67705.0
2010-12-01,69346.0
2010-12-02,69527.0
2010-12-03,69766.0
2010-12-06,69552.0
2010-12-07,69338.0
2010-12-08,68175.0
2010-12-09,67879.0
2010-12-10,68342.0
2010-12-13,69126.0
2010-12-14,68743.0
2010-12-15,67870.0
2010-12-16,67306.0
2010-12-17,67981.0
2010-12-20,67264.0
2010-12-21,68215.0
2010-12-22,68471.0
2010-12-23,68486.0
2010-12-27,67803.0
2010-12-28,68041.0
2010-12-29,68952.0
2010-12-30,69305.0
2011-01-03,69962.0
2011-01-04,70318.0
2011-01-05,71091.0
2011-01-06,70579.0
2011-01-07,70057.0
2011-01-10,70127.0
2011-01-11,70423.0
2011-01-12,71633.0
2011-01-13,70721.0
2011-01-14,70940.0
2011-01-17,70609.0
2011-01-18,70920.0
2011-01-19,70058.0
2011-01-20,69562.0
2011-01-21,69133.0
2011-01-24,69427.0
2011-01-26,68709.0
2011-01-27,68051.0
2011-01-28,66698.0
2011-01-31,66575.0
2011-02-01,67847.0
2011-02-02,66688.0
2011-02-03,66765.0
2011-02-04,65269.0
2011-02-07,65362.0
2011-02-08,65771.0
2011-02-09,64218.0
2011-02-10,64578.0
2011-02-11,65756.0
2011-02-14,66558.0
2011-02-15,66341.0
2011-02-16,67571.0
2011-02-17,67685.0
2011-02-18,68067.0
2011-02-21,67259.0
2011-02-22,66440.0
2011-02-23,66910.0
2011-02-24,66949.0
2011-02-25,66903.0
2011-02-28,67383.0
2011-03-01,66243.0
2011-03-02,67282.0
2011-03-03,68146.0
2011-03-04,68012.0
2011-03-09,67264.0
2011-03-10,66041.0
2011-03-11,66685.0
2011-03-14,67169.0
2011-03-15,67005.0
2011-03-16,66003.0
2011-03-17,66216.0
2011-03-18,66880.0
2011-03-21,66690.0
2011-03-22,67578.0
2011-03-23,67796.0
2011-03-24,67533.0
2011-03-25,67766.0
2011-03-28,67193.0
2011-03-29,67419.0
2011-03-30,67997.0
2011-03-31,68587.0
2011-04-01,69268.0
2011-04-04,69704.0
2011-04-05,69838.0
2011-04-06,69037.0
2011-04-07,69176.0
2011-04-08,68718.0
2011-04-11,68164.0
2011-04-12,66896.0
2011-04-13,66486.0
2011-04-14,66279.0
2011-04-15,66684.0
2011-04-18,65415.0
2011-04-19,66158.0
2011-04-20,67058.0
2011-04-25,66972.0
2011-04-26,67144.0
2011-04-27,66264.0
2011-04-28,65673.0
2011-04-29,66133.0
2011-05-02,65463.0
2011-05-03,64318.0
2011-05-04,63616.0
2011-05-05,63407.0
2011-05-06,64417.0
2011-05-09,64622.0
2011-05-10,64877.0
2011-05-11,63776.0
2011-05-12,64003.0
2011-05-13,63235.0
2011-05-16,62830.0
2011-05-17,63673.0
2011-05-18,62841.0
2011-05-19,62367.0
2011-05-20,62597.0
2011-05-23,62345.0
2011-05-24,63337.0
2011-05-25,63388.0
2011-05-26,64099.0
2011-05-27,64295.0
2011-05-30,63954.0
2011-05-31,64620.0
2011-06-01,63411.0
2011-06-02,64218.0
2011-06-03,64341.0
2011-06-06,63068.0
2011-06-07,63218.0
2011-06-08,63033.0
2011-06-09,63469.0
2011-06-10,62697.0
2011-06-13,62023.0
2011-06-14,62205.0
2011-06-15,61604.0
2011-06-16,60881.0
2011-06-17,61060.0
2011-06-20,61168.0
2011-06-21,61424.0
2011-06-22,61194.0
2011-06-24,61017.0
2011-06-27,61217.0
2011-06-28,62303.0
2011-06-29,62334.0
2011-06-30,62404.0
2011-07-01,63394.0
2011-07-04,63891.0
2011-07-05,63039.0
2011-07-06,62565.0
2011-07-07,62207.0
2011-07-08,61513.0
2011-07-11,60224.0
2011-07-12,59705.0
2011-07-13,60670.0
2011-07-14,59679.0
2011-07-15,59478.0
2011-07-18,58838.0
2011-07-19,59082.0
2011-07-20,59120.0
2011-07-21,60263.0
2011-07-22,60270.0
2011-07-25,59971.0
2011-07-26,59340.0
2011-07-27,58288.0
2011-07-28,58708.0
2011-07-29,58823.0
2011-08-01,58536.0
2011-08-02,57311.0
2011-08-03,56017.0
2011-08-04,52811.0
2011-08-05,52949.0
2011-08-08,48668.0
2011-08-09,51151.0
2011-08-10,51395.0
2011-08-11,53343.0
2011-08-12,53473.0
2011-08-15,54652.0
2011-08-16,54324.0
2011-08-17,55073.0
2011-08-18,53134.0
2011-08-19,52448.0
2011-08-22,52440.0
2011-08-23,53787.0
2011-08-24,53796.0
2011-08-25,52953.0
2011-08-26,53351.0
2011-08-29,54861.0
2011-08-30,55385.0
2011-08-31,56495.0
2011-09-01,58118.0
2011-09-02,56532.0
2011-09-05,54998.0
2011-09-06,56607.0
2011-09-08,57624.0
2011-09-09,55778.0
2011-09-12,55685.0
2011-09-13,55544.0
2011-09-14,56286.0
2011-09-15,56381.0
2011-09-16,57210.0
2011-09-19,57103.0
2011-09-20,56379.0
2011-09-21,55982.0
2011-09-22,53280.0
2011-09-23,53230.0
2011-09-26,53748.0
2011-09-27,53920.0
2011-09-28,53270.0
2011-09-29,53385.0
2011-09-30,52324.0
2011-10-03,50792.0
2011-10-04,50686.0
2011-10-05,51014.0
2011-10-06,52290.0
2011-10-07,51244.0
2011-10-10,53273.0
2011-10-11,53838.0
2011-10-13,54601.0
2011-10-14,55030.0
2011-10-17,53911.0
2011-10-18,55032.0
2011-10-19,54966.0
2011-10-20,54010.0
2011-10-21,55255.0
2011-10-24,56892.0
2011-10-25,56286.0
2011-10-26,57144.0
2011-10-27,59270.0
2011-10-28,59513.0
2011-10-31,58338.0
2011-11-01,57323.0
2011-11-03,58196.0
2011-11-04,58670.0
2011-11-07,59199.0
2011-11-08,59026.0
2011-11-09,57550.0
2011-11-10,57322.0
2011-11-11,58547.0
2011-11-14,58258.0
2011-11-16,58560.0
2011-11-17,56989.0
2011-11-18,56731.0
2011-11-21,56285.0
2011-11-22,55878.0
2011-11-23,54972.0
2011-11-24,55280.0
2011-11-25,54894.0
2011-11-28,56017.0
2011-11-29,55300.0
2011-11-30,56875.0
2011-12-01,58143.0
2011-12-02,57886.0
2011-12-05,58910.0
2011-12-06,59536.0
2011-12-07,58663.0
2011-12-08,57455.0
2011-12-09,58236.0
2011-12-12,57347.0
2011-12-13,57495.0
2011-12-14,56647.0
2011-12-15,56331.0
2011-12-16,56097.0
2011-12-19,55298.0
2011-12-20,56865.0
2011-12-21,56653.0
2011-12-22,57348.0
2011-12-23,57701.0
2011-12-26,57669.0
2011-12-27,58005.0
2011-12-28,56534.0
2011-12-29,56754.0
2012-01-03,59265.0
2012-01-04,59365.0
2012-01-05,58546.0
2012-01-06,58600.0
2012-01-09,59083.0
2012-01-10,59806.0
2012-01-11,59962.0
2012-01-12,59921.0
2012-01-13,59147.0
2012-01-16,59956.0
2012-01-17,60646.0
2012-01-18,61723.0
2012-01-19,61927.0
2012-01-20,62312.0
2012-01-23,62386.0
2012-01-24,62486.0
2012-01-26,62953.0
2012-01-27,62904.0
2012-01-30,62770.0
2012-01-31,63072.0
2012-02-01,64567.0
2012-02-02,64593.0
2012-02-03,65217.0
2012-02-06,65224.0
2012-02-07,65917.0
2012-02-08,65831.0
2012-02-09,65530.0
2012-02-10,63998.0
2012-02-13,65692.0
2012-02-14,65039.0
2012-02-15,65368.0
2012-02-16,66142.0
2012-02-17,66204.0
2012-02-23,65820.0
2012-02-24,65943.0
2012-02-27,65241.0
2012-02-28,65959.0
2012-02-29,65812.0
2012-03-01,66810.0
2012-03-02,67782.0
2012-03-05,66964.0
2012-03-06,65114.0
2012-03-07,66017.0
2012-03-08,66908.0
2012-03-09,66704.0
2012-03-12,66385.0
2012-03-13,68394.0
2012-03-14,68257.0
2012-03-15,67749.0
2012-03-16,67684.0
2012-03-19,67730.0
2012-03-20,67296.0
2012-03-21,66860.0
2012-03-22,65828.0
2012-03-23,65813.0
2012-03-26,66685.0
2012-03-27,66037.0
2012-03-28,65079.0
2012-03-29,64872.0
2012-03-30,64511.0
2012-04-02,65216.0
2012-04-03,64284.0
2012-04-04,63529.0
2012-04-05,63691.0
2012-04-09,62923.0
2012-04-10,61738.0
2012-04-11,61293.0
2012-04-12,63058.0
2012-04-13,62106.0
2012-04-16,61955.0
2012-04-17,62699.0
2012-04-18,63010.0
2012-04-19,62618.0
2012-04-20,62494.0
2012-04-23,61539.0
2012-04-24,61971.0
2012-04-25,61750.0
2012-04-26,62198.0
2012-04-27,61691.0
2012-04-30,61820.0
2012-05-02,62424.0
2012-05-03,62104.0
2012-05-04,60821.0
2012-05-07,61220.0
2012-05-08,60365.0
2012-05-09,59786.0
2012-05-10,59702.0
2012-05-11,59445.0
2012-05-14,57540.0
2012-05-15,56238.0
2012-05-16,55888.0
2012-05-17,54038.0
2012-05-18,54513.0
2012-05-21,56590.0
2012-05-22,55039.0
2012-05-23,54619.0
2012-05-24,54063.0
2012-05-25,54463.0
2012-05-28,55213.0
2012-05-29,54633.0
2012-05-30,53798.0
2012-05-31,54490.0
2012-06-01,53403.0
2012-06-04,53417.0
2012-06-05,52481.0
2012-06-06,54156.0
2012-06-08,54430.0
2012-06-11,54001.0
2012-06-12,55049.0
2012-06-13,55651.0
2012-06-14,55352.0
2012-06-15,56105.0
2012-06-18,56195.0
2012-06-19,57195.0
2012-06-20,57167.0
2012-06-21,55505.0
2012-06-22,55440.0
2012-06-25,53805.0
2012-06-26,53837.0
2012-06-27,53109.0
2012-06-28,52652.0
2012-06-29,54355.0
2012-07-02,54693.0
2012-07-03,55780.0
2012-07-04,56077.0
2012-07-05,56379.0
2012-07-06,55394.0
2012-07-10,53706.0
2012-07-11,53569.0
2012-07-12,53421.0
2012-07-13,54331.0
2012-07-16,53402.0
2012-07-17,53909.0
2012-07-18,54583.0
2012-07-19,55347.0
2012-07-20,54195.0
2012-07-23,53034.0
2012-07-24,52639.0
2012-07-25,52608.0
2012-07-26,54003.0
2012-07-27,56553.0
2012-07-30,57241.0
2012-07-31,56097.0
2012-08-01,55623.0
2012-08-02,55520.0
2012-08-03,57255.0
2012-08-06,58345.0
2012-08-07,57726.0
2012-08-08,58951.0
2012-08-09,58797.0
2012-08-10,59281.0
2012-08-13,59123.0
2012-08-14,58083.0
2012-08-15,58189.0
2012-08-16,59446.0
2012-08-17,59082.0
2012-08-20,59283.0
2012-08-21,58918.0
2012-08-22,59381.0
2012-08-23,58512.0
2012-08-24,58426.0
2012-08-27,58111.0
2012-08-28,58406.0
2012-08-29,57369.0
2012-08-30,57256.0
2012-08-31,57061.0
2012-09-03,57281.0
2012-09-04,56234.0
2012-09-05,56864.0
2012-09-06,58321.0
2012-09-10,58404.0
2012-09-11,59423.0
2012-09-12,59922.0
2012-09-13,61958.0
2012-09-14,62105.0
2012-09-17,61806.0
2012-09-18,61804.0
2012-09-19,61652.0
2012-09-20,61688.0
2012-09-21,61320.0
2012-09-24,61910.0
2012-09-25,60501.0
2012-09-26,60478.0
2012-09-27,60240.0
2012-09-28,59176.0
2012-10-01,59571.0
2012-10-02,59222.0
2012-10-03,58627.0
2012-10-04,58458.0
2012-10-05,58572.0
2012-10-08,59317.0
2012-10-09,58939.0
2012-10-10,58456.0
2012-10-11,59162.0
2012-10-15,59602.0
2012-10-16,59744.0
2012-10-17,60087.0
2012-10-18,59734.0
2012-10-19,58922.0
2012-10-22,58700.0
2012-10-23,57690.0
2012-10-24,57161.0
2012-10-25,57837.0
2012-10-26,57277.0
2012-10-29,57177.0
2012-10-30,57684.0
2012-10-31,57068.0
2012-11-01,58383.0
2012-11-05,58210.0
2012-11-06,59459.0
2012-11-07,58517.0
2012-11-08,57524.0
2012-11-09,57358.0
2012-11-12,57064.0
2012-11-13,57486.0
2012-11-14,56279.0
2012-11-16,55402.0
2012-11-19,56451.0
2012-11-21,56242.0
2012-11-22,56437.0
2012-11-23,57574.0
2012-11-26,56737.0
2012-11-27,56248.0
2012-11-28,56539.0
2012-11-29,57853.0
2012-11-30,57475.0
2012-12-03,58202.0
2012-12-04,57563.0
2012-12-05,57679.0
2012-12-06,57656.0
2012-12-07,58487.0
2012-12-10,59248.0
2012-12-11,59623.0
2012-12-12,59474.0
2012-12-13,59317.0
2012-12-14,59605.0
2012-12-17,59567.0
2012-12-18,60461.0
2012-12-19,60998.0
2012-12-20,61276.0
2012-12-21,61007.0
2012-12-26,60960.0
2012-12-27,60416.0
2012-12-28,60952.0
2013-01-02,62550.0
2013-01-03,63312.0
2013-01-04,62523.0
2013-01-07,61933.0
2013-01-08,61128.0
2013-01-09,61579.0
2013-01-10,61678.0
2013-01-11,61497.0
2013-01-14,62081.0
2013-01-15,61728.0
2013-01-16,61787.0
2013-01-17,62194.0
2013-01-18,61956.0
2013-01-21,61900.0
2013-01-22,61692.0
2013-01-23,61966.0
2013-01-24,61170.0
2013-01-28,60027.0
2013-01-29,60406.0
2013-01-30,59337.0
2013-01-31,59761.0
2013-02-01,60351.0
2013-02-04,59576.0
2013-02-05,59445.0
2013-02-06,58951.0
2013-02-07,58372.0
2013-02-08,58498.0
2013-02-13,58406.0
2013-02-14,58077.0
2013-02-15,57903.0
2013-02-18,57614.0
2013-02-19,57314.0
2013-02-20,56178.0
2013-02-21,56155.0
2013-02-22,56697.0
2013-02-25,56618.0
2013-02-26,56949.0
2013-02-27,57274.0
2013-02-28,57424.0
2013-03-01,56884.0
2013-03-04,56499.0
2013-03-05,55951.0
2013-03-06,57940.0
2013-03-07,58847.0
2013-03-08,58433.0
2013-03-11,58545.0
2013-03-12,58209.0
2013-03-13,57386.0
2013-03-14,57281.0
2013-03-15,56869.0
2013-03-18,56973.0
2013-03-19,56361.0
2013-03-20,56030.0
2013-03-21,55577.0
2013-03-22,55243.0
2013-03-25,54873.0
2013-03-26,55671.0
2013-03-27,56034.0
2013-03-28,56352.0
2013-04-01,55902.0
2013-04-02,54889.0
2013-04-03,55563.0
2013-04-04,54648.0
2013-04-05,55051.0
2013-04-08,55092.0
2013-04-09,55912.0
2013-04-10,56187.0
2013-04-11,55401.0
2013-04-12,54963.0
2013-04-15,52950.0
2013-04-16,53991.0
2013-04-17,52882.0
2013-04-18,53166.0
2013-04-19,53929.0
2013-04-22,54298.0
2013-04-23,54885.0
2013-04-24,54984.0
2013-04-25,54963.0
2013-04-26,54252.0
2013-04-29,54887.0
2013-04-30,55910.0
2013-05-02,55322.0
2013-05-03,55488.0
2013-05-06,55430.0
2013-05-07,56275.0
2013-05-08,55805.0
2013-05-09,55448.0
2013-05-10,55108.0
2013-05-13,54448.0
2013-05-14,54667.0
2013-05-15,54936.0
2013-05-16,54773.0
2013-05-17,55164.0
2013-05-20,55701.0
2013-05-21,56265.0
2013-05-22,56429.0
2013-05-23,56350.0
2013-05-24,56406.0
2013-05-27,56396.0
2013-05-28,56036.0
2013-05-29,54635.0
2013-05-31,53506.0
2013-06-03,53944.0
2013-06-04,54018.0
2013-06-05,52799.0
2013-06-06,52885.0
2013-06-07,51619.0
2013-06-10,51317.0
2013-06-11,49770.0
2013-06-12,49181.0
2013-06-13,50415.0
2013-06-14,49332.0
2013-06-17,49089.0
2013-06-18,49465.0
2013-06-19,47893.0
2013-06-20,48214.0
2013-06-21,47056.0
2013-06-24,45965.0
2013-06-25,46893.0
2013-06-26,47172.0
2013-06-27,47609.0
2013-06-28,47457.0
2013-07-01,47230.0
2013-07-02,45229.0
2013-07-03,45044.0
2013-07-04,45763.0
2013-07-05,45210.0
2013-07-08,45076.0
2013-07-10,45483.0
2013-07-11,46626.0
2013-07-12,45533.0
2013-07-15,46739.0
2013-07-16,46869.0
2013-07-17,47407.0
2013-07-18,47657.0
2013-07-19,47400.0
2013-07-22,48574.0
2013-07-23,48820.0
2013-07-24,48374.0
2013-07-25,49067.0
2013-07-26,49422.0
2013-07-29,49212.0
2013-07-30,48562.0
2013-07-31,48234.0
2013-08-01,49141.0
2013-08-02,48474.0
2013-08-05,48436.0
2013-08-06,47422.0
2013-08-07,47447.0
2013-08-08,48929.0
2013-08-09,49875.0
2013-08-12,50299.0
2013-08-13,50601.0
2013-08-14,50896.0
2013-08-15,50908.0
2013-08-16,51539.0
2013-08-19,51574.0
2013-08-20,50507.0
2013-08-21,50405.0
2013-08-22,51398.0
2013-08-23,52197.0
2013-08-26,51429.0
2013-08-27,50092.0
2013-08-28,49867.0
2013-08-29,49922.0
2013-08-30,50008.0
2013-09-02,51835.0
2013-09-03,51626.0
2013-09-04,51716.0
2013-09-05,52352.0
2013-09-06,53749.0
2013-09-09,54252.0
2013-09-10,53979.0
2013-09-11,53570.0
2013-09-12,53307.0
2013-09-13,53798.0
2013-09-16,53822.0
2013-09-17,54271.0
2013-09-18,55703.0
2013-09-19,55096.0
2013-09-20,54110.0
2013-09-23,54602.0
2013-09-24,54431.0
2013-09-25,54261.0
2013-09-26,53783.0
2013-09-27,53739.0
2013-09-30,52338.0
2013-10-01,53179.0
2013-10-02,53100.0
2013-10-03,52490.0
2013-10-04,52849.0
2013-10-07,52417.0
2013-10-08,52312.0
2013-10-09,52548.0
2013-10-10,52997.0
2013-10-11,53150.0
2013-10-14,54171.0
2013-10-15,54981.0
2013-10-16,55973.0
2013-10-17,55358.0
2013-10-18,55378.0
2013-10-21,56077.0
2013-10-22,56460.0
2013-10-23,55440.0
2013-10-24,54877.0
2013-10-25,54154.0
2013-10-28,55073.0
2013-10-29,54539.0
2013-10-30,54173.0
2013-10-31,54256.0
2013-11-01,54013.0
2013-11-04,54437.0
2013-11-05,53832.0
2013-11-06,53385.0
2013-11-07,52741.0
2013-11-08,52249.0
2013-11-11,52624.0
2013-11-12,51804.0
2013-11-13,52230.0
2013-11-14,53452.0
2013-11-18,54307.0
2013-11-19,53033.0
2013-11-21,52688.0
2013-11-22,52801.0
2013-11-25,52264.0
2013-11-26,51447.0
2013-11-27,51861.0
2013-11-28,51847.0
2013-11-29,52482.0
2013-12-02,51245.0
2013-12-03,50349.0
2013-12-04,50216.0
2013-12-05,50788.0
2013-12-06,50944.0
2013-12-09,51165.0
2013-12-10,50993.0
2013-12-11,50068.0
2013-12-12,50122.0
2013-12-13,50051.0
2013-12-16,50280.0
2013-12-17,50090.0
2013-12-18,50563.0
2013-12-19,50819.0
2013-12-20,51186.0
2013-12-23,51356.0
2013-12-26,51221.0
2013-12-27,51267.0
2013-12-30,51507.0
2014-01-02,50341.0
2014-01-03,50981.0
2014-01-06,50974.0
2014-01-07,50430.0
2014-01-08,50577.0
2014-01-09,49322.0
2014-01-10,49696.0
2014-01-13,49427.0
2014-01-14,49703.0
2014-01-15,50105.0
2014-01-16,49696.0
2014-01-17,49182.0
2014-01-20,48708.0
2014-01-21,48542.0
2014-01-22,49300.0
2014-01-23,48321.0
2014-01-24,47787.0
2014-01-27,47701.0
2014-01-28,47841.0
2014-01-29,47557.0
2014-01-30,47244.0
2014-01-31,47639.0
2014-02-03,46148.0
2014-02-04,46964.0
2014-02-05,46624.0
2014-02-06,47738.0
2014-02-07,48074.0
2014-02-10,47711.0
2014-02-11,48463.0
2014-02-12,48217.0
2014-02-13,47813.0
2014-02-14,48201.0
2014-02-17,47576.0
2014-02-18,46600.0
2014-02-19,47151.0
2014-02-20,47289.0
2014-02-21,47380.0
2014-02-24,47393.0
2014-02-25,46716.0
2014-02-26,46599.0
2014-02-27,47607.0
2014-02-28,47094.0
2014-03-05,46589.0
2014-03-06,47093.0
2014-03-07,46244.0
2014-03-10,45533.0
2014-03-11,45698.0
2014-03-12,45862.0
2014-03-13,45444.0
2014-03-14,44966.0
2014-03-17,45118.0
2014-03-18,46150.0
2014-03-19,46567.0
2014-03-20,47278.0
2014-03-21,47381.0
2014-03-24,47993.0
2014-03-25,48180.0
2014-03-26,47966.0
2014-03-27,49647.0
2014-03-28,49768.0
2014-03-31,50415.0
2014-04-01,50270.0
2014-04-02,51701.0
2014-04-03,51408.0
2014-04-04,51082.0
2014-04-07,52155.0
2014-04-08,51629.0
2014-04-09,51185.0
2014-04-10,51127.0
2014-04-11,51867.0
2014-04-14,51596.0
2014-04-15,50454.0
2014-04-16,51201.0
2014-04-17,52112.0
2014-04-22,51977.0
2014-04-23,51570.0
2014-04-24,51817.0
2014-04-25,51399.0
2014-04-28,51384.0
2014-04-29,51839.0
2014-04-30,51626.0
2014-05-02,52980.0
2014-05-05,53446.0
2014-05-06,53780.0
2014-05-07,54053.0
2014-05-08,53422.0
2014-05-09,53100.0
2014-05-12,54053.0
2014-05-13,53907.0
2014-05-14,54413.0
2014-05-15,53856.0
2014-05-16,53976.0
2014-05-19,53353.0
2014-05-20,52366.0
2014-05-21,52203.0
2014-05-22,52806.0
2014-05-23,52626.0
2014-05-26,52932.0
2014-05-27,52172.0
2014-05-28,52640.0
2014-05-29,52239.0
2014-05-30,51239.0
2014-06-02,51606.0
2014-06-03,52032.0
2014-06-04,51833.0
2014-06-05,51559.0
2014-06-06,53129.0
2014-06-09,54273.0
2014-06-10,54604.0
2014-06-11,55102.0
2014-06-13,54807.0
2014-06-16,54630.0
2014-06-17,54300.0
2014-06-18,55203.0
2014-06-20,54638.0
2014-06-23,54210.0
2014-06-24,54281.0
2014-06-25,53426.0
2014-06-26,53506.0
2014-06-27,53157.0
2014-06-30,53168.0
2014-07-01,53171.0
2014-07-02,53029.0
2014-07-03,53875.0
2014-07-04,54055.0
2014-07-07,53802.0
2014-07-08,53635.0
2014-07-10,54593.0
2014-07-11,54786.0
2014-07-14,55744.0
2014-07-15,55974.0
2014-07-16,55717.0
2014-07-17,55638.0
2014-07-18,57013.0
2014-07-21,57634.0
2014-07-22,57983.0
2014-07-23,57420.0
2014-07-24,57978.0
2014-07-25,57821.0
2014-07-28,57696.0
2014-07-29,57119.0
2014-07-30,56878.0
2014-07-31,55829.0
2014-08-01,55903.0
2014-08-04,56616.0
2014-08-05,56202.0
2014-08-06,56487.0
2014-08-07,56188.0
2014-08-08,55573.0
2014-08-11,56613.0
2014-08-12,56442.0
2014-08-13,55581.0
2014-08-14,55780.0
2014-08-15,56964.0
2014-08-18,57561.0
2014-08-19,58449.0
2014-08-20,58878.0
2014-08-21,58992.0
2014-08-22,58407.0
2014-08-25,59735.0
2014-08-26,59821.0
2014-08-27,60951.0
2014-08-28,60291.0
2014-08-29,61288.0
2014-09-01,61141.0
2014-09-02,61896.0
2014-09-03,61837.0
2014-09-04,60800.0
2014-09-05,60681.0
2014-09-08,59193.0
2014-09-09,58676.0
2014-09-10,58199.0
2014-09-11,58337.0
2014-09-12,56928.0
2014-09-15,57949.0
2014-09-16,59115.0
2014-09-17,59108.0
2014-09-18,58374.0
2014-09-19,57789.0
2014-09-22,56818.0
2014-09-23,56541.0
2014-09-24,56824.0
2014-09-25,55962.0
2014-09-26,57212.0
2014-09-29,54625.0
2014-09-30,54116.0
2014-10-01,52858.0
2014-10-02,53519.0
2014-10-03,54540.0
2014-10-06,57116.0
2014-10-07,57436.0
2014-10-08,57058.0
2014-10-09,57268.0
2014-10-10,55312.0
2014-10-13,57957.0
2014-10-14,58015.0
2014-10-15,56135.0
2014-10-16,54298.0
2014-10-17,55724.0
2014-10-20,54303.0
2014-10-21,52432.0
2014-10-22,52411.0
2014-10-23,50713.0
2014-10-24,51941.0
2014-10-27,50504.0
2014-10-28,52330.0
2014-10-29,51049.0
2014-10-30,52337.0
2014-10-31,54629.0
2014-11-03,53947.0
2014-11-04,54384.0
2014-11-05,53698.0
2014-11-06,52637.0
2014-11-07,53223.0
2014-11-10,52725.0
2014-11-11,52474.0
2014-11-12,52979.0
2014-11-13,51846.0
2014-11-14,51772.0
2014-11-17,51257.0
2014-11-18,52062.0
2014-11-19,53403.0
2014-11-21,56084.0
2014-11-24,55407.0
2014-11-25,55561.0
2014-11-26,55098.0
2014-11-27,54721.0
2014-11-28,54664.0
2014-12-01,52276.0
2014-12-02,51612.0
2014-12-03,52320.0
2014-12-04,51427.0
2014-12-05,51992.0
2014-12-08,50274.0
2014-12-09,50193.0
2014-12-10,49548.0
2014-12-11,49861.0
2014-12-12,48002.0
2014-12-15,47019.0
2014-12-16,47008.0
2014-12-17,48714.0
2014-12-18,48496.0
2014-12-19,49651.0
2014-12-22,50121.0
2014-12-23,50890.0
2014-12-26,50145.0
2014-12-29,50594.0
2014-12-30,50007.0
2015-01-02,48512.0
2015-01-05,47517.0
2015-01-06,48001.0
2015-01-07,49463.0
2015-01-08,49943.0
2015-01-09,48840.0
2015-01-12,48140.0
2015-01-13,48042.0
2015-01-14,47646.0
2015-01-15,48026.0
2015-01-16,49017.0
2015-01-19,47758.0
2015-01-20,47877.0
2015-01-21,49224.0
2015-01-22,49443.0
2015-01-23,48775.0
2015-01-26,48577.0
2015-01-27,48591.0
2015-01-28,47695.0
2015-01-29,47762.0
2015-01-30,46908.0
2015-02-02,47651.0
2015-02-03,48964.0
2015-02-04,49301.0
2015-02-05,49234.0
2015-02-06,48792.0
2015-02-09,49383.0
2015-02-10,48510.0
2015-02-11,48240.0
2015-02-12,49533.0
2015-02-13,50636.0
2015-02-18,51280.0
2015-02-19,51294.0
2015-02-20,51238.0
2015-02-23,51281.0
2015-02-24,51874.0
2015-02-25,51811.0
2015-02-26,51761.0
2015-02-27,51583.0
2015-03-02,51021.0
2015-03-03,51304.0
2015-03-04,50468.0
2015-03-05,50365.0
2015-03-06,49981.0
2015-03-09,49181.0
2015-03-10,48293.0
2015-03-11,48906.0
2015-03-12,48880.0
2015-03-13,48596.0
2015-03-16,48848.0
2015-03-17,50285.0
2015-03-18,51526.0
2015-03-19,50954.0
2015-03-20,51967.0
2015-03-23,51908.0
2015-03-24,51506.0
2015-03-25,51858.0
2015-03-26,50580.0
2015-03-27,50095.0
2015-03-30,51243.0
2015-03-31,51150.0
2015-04-01,52322.0
2015-04-02,53123.0
2015-04-06,53737.0
2015-04-07,53729.0
2015-04-08,53661.0
2015-04-09,53803.0
2015-04-10,54214.0
2015-04-13,54240.0
2015-04-14,53982.0
2015-04-15,54919.0
2015-04-16,54674.0
2015-04-17,53955.0
2015-04-20,53761.0
2015-04-22,54617.0
2015-04-23,55685.0
2015-04-24,56594.0
2015-04-27,55535.0
2015-04-28,55812.0
2015-04-29,55325.0
2015-04-30,56229.0
2015-05-04,57354.0
2015-05-05,58052.0
2015-05-06,57103.0
2015-05-07,56921.0
2015-05-08,57149.0
2015-05-11,57197.0
2015-05-12,56792.0
2015-05-13,56372.0
2015-05-14,56657.0
2015-05-15,57249.0
2015-05-18,56204.0
2015-05-19,55499.0
2015-05-20,54901.0
2015-05-21,55112.0
2015-05-22,54377.0
2015-05-25,54609.0
2015-05-26,53630.0
2015-05-27,54236.0
2015-05-28,53976.0
2015-05-29,52760.0
2015-06-01,53031.0
2015-06-02,54236.0
2015-06-03,53523.0
2015-06-05,52973.0
2015-06-08,52810.0
2015-06-09,52816.0
2015-06-10,53876.0
2015-06-11,53689.0
2015-06-12,53348.0
2015-06-15,53138.0
2015-06-16,53702.0
2015-06-17,53249.0
2015-06-18,54239.0
2015-06-19,53749.0
2015-06-22,53864.0
2015-06-23,53772.0
2015-06-24,53843.0
2015-06-25,53176.0
2015-06-26,54017.0
2015-06-29,53014.0
2015-06-30,53081.0
2015-07-01,52758.0
2015-07-02,53106.0
2015-07-03,52519.0
2015-07-06,52149.0
2015-07-07,52344.0
2015-07-08,51782.0
2015-07-10,52591.0
2015-07-13,53119.0
2015-07-14,53239.0
2015-07-15,52902.0
2015-07-16,53070.0
2015-07-17,52342.0
2015-07-20,51600.0
2015-07-21,51474.0
2015-07-22,50916.0
2015-07-23,49807.0
2015-07-24,49246.0
2015-07-27,48736.0
2015-07-28,49602.0
2015-07-29,50245.0
2015-07-30,49897.0
2015-07-31,50865.0
2015-08-03,50138.0
2015-08-04,50058.0
2015-08-05,50287.0
2015-08-06,50011.0
2015-08-07,48577.0
2015-08-10,49353.0
2015-08-11,49072.0
2015-08-12,48388.0
2015-08-13,48010.0
2015-08-14,47508.0
2015-08-17,47217.0
2015-08-18,47451.0
2015-08-19,46588.0
2015-08-20,46649.0
2015-08-21,45720.0
2015-08-24,44336.0
2015-08-25,44545.0
2015-08-26,46038.0
2015-08-27,47715.0
2015-08-28,47154.0
2015-08-31,46626.0
2015-09-01,45477.0
2015-09-02,46464.0
2015-09-03,47366.0
2015-09-04,46498.0
2015-09-08,46762.0
2015-09-09,46657.0
2015-09-10,46504.0
2015-09-11,46401.0
2015-09-14,47282.0
2015-09-15,47364.0
2015-09-16,48553.0
2015-09-17,48551.0
2015-09-18,47264.0
2015-09-21,46590.0
2015-09-22,46265.0
2015-09-23,45340.0
2015-09-24,45292.0
2015-09-25,44831.0
2015-09-28,43957.0
2015-09-29,44132.0
2015-09-30,45059.0
2015-10-01,45313.0
2015-10-02,47033.0
2015-10-05,47598.0
2015-10-06,47735.0
2015-10-07,48914.0
2015-10-08,49107.0
2015-10-09,49338.0
2015-10-13,47363.0
2015-10-14,46710.0
2015-10-15,47161.0
2015-10-16,47236.0
2015-10-19,47447.0
2015-10-20,47077.0
2015-10-21,47026.0
2015-10-22,47772.0
2015-10-23,47597.0
2015-10-26,47209.0
2015-10-27,47043.0
2015-10-28,46741.0
2015-10-29,45628.0
2015-10-30,45869.0
2015-11-03,48054.0
2015-11-04,47710.0
2015-11-05,48047.0
2015-11-06,46919.0
2015-11-09,46195.0
2015-11-10,46179.0
2015-11-11,47065.0
2015-11-12,46884.0
2015-11-13,46517.0
2015-11-16,46847.0
2015-11-17,47248.0
2015-11-18,47436.0
2015-11-19,48139.0
2015-11-23,48150.0
2015-11-24,48284.0
2015-11-25,46867.0
2015-11-26,47146.0
2015-11-27,45873.0
2015-11-30,45120.0
2015-12-01,45047.0
2015-12-02,44915.0
2015-12-03,46393.0
2015-12-04,45361.0
2015-12-07,45223.0
2015-12-08,44443.0
2015-12-09,46108.0
2015-12-10,45631.0
2015-12-11,45263.0
2015-12-14,44747.0
2015-12-15,44872.0
2015-12-16,45016.0
2015-12-17,45261.0
2015-12-18,43911.0
2015-12-21,43200.0
2015-12-22,43470.0
2015-12-23,44015.0
2015-12-28,43764.0
2015-12-29,43654.0
2015-12-30,43350.0
2016-01-04,42141.0
2016-01-05,42419.0
2016-01-06,41773.0
2016-01-07,40695.0
2016-01-08,40612.0
2016-01-11,39950.0
2016-01-12,39514.0
2016-01-13,38944.0
2016-01-14,39500.0
2016-01-15,38569.0
2016-01-18,37937.0
2016-01-19,38057.0
2016-01-20,37645.0
2016-01-21,37717.0
2016-01-22,38031.0
2016-01-26,37497.0
2016-01-27,38376.0
2016-01-28,38630.0
2016-01-29,40406.0
2016-02-01,40570.0
2016-02-02,38596.0
2016-02-03,39589.0
2016-02-04,40822.0
2016-02-05,40592.0
2016-02-10,40377.0
2016-02-11,39318.0
2016-02-12,39808.0
2016-02-15,40093.0
2016-02-16,40948.0
2016-02-17,41631.0
2016-02-18,41478.0
2016-02-19,41543.0
2016-02-22,43235.0
2016-02-23,42521.0
2016-02-24,42085.0
2016-02-25,41888.0
2016-02-26,41593.0
2016-02-29,42794.0
2016-03-01,44122.0
2016-03-02,44893.0
2016-03-03,47193.0
2016-03-04,49085.0
2016-03-07,49246.0
2016-03-08,49102.0
2016-03-09,48665.0
2016-03-10,49571.0
2016-03-11,49639.0
2016-03-14,48867.0
2016-03-15,47130.0
2016-03-16,47763.0
2016-03-17,50914.0
2016-03-18,50815.0
2016-03-21,51172.0
2016-03-22,51010.0
2016-03-23,49690.0
2016-03-24,49657.0
2016-03-28,50838.0
2016-03-29,51155.0
2016-03-30,51249.0
2016-03-31,50055.0
2016-04-01,50562.0
2016-04-04,48780.0
2016-04-05,49054.0
2016-04-06,48096.0
2016-04-07,48513.0
2016-04-08,50293.0
2016-04-11,50165.0
2016-04-12,52002.0
2016-04-13,53150.0
2016-04-14,52411.0
2016-04-15,53228.0
2016-04-18,52894.0
2016-04-19,53710.0
2016-04-20,53631.0
2016-04-22,52908.0
2016-04-25,51862.0
2016-04-26,53083.0
2016-04-27,54478.0
2016-04-28,54312.0
2016-04-29,53911.0
2016-05-02,53562.0
2016-05-03,52260.0
2016-05-04,52553.0
2016-05-05,51671.0
2016-05-06,51718.0
2016-05-09,50990.0
2016-05-10,53071.0
2016-05-11,52764.0
2016-05-12,53241.0
2016-05-13,51804.0
2016-05-16,51803.0
2016-05-17,50839.0
2016-05-18,50562.0
2016-05-19,50133.0
2016-05-20,49723.0
2016-05-23,49330.0
2016-05-24,49345.0
2016-05-25,49483.0
2016-05-27,49051.0
2016-05-30,48964.0
2016-05-31,48472.0
2016-06-01,49013.0
2016-06-02,49887.0
2016-06-03,50619.0
2016-06-06,50432.0
2016-06-07,50488.0
2016-06-08,51629.0
2016-06-09,51118.0
2016-06-10,49422.0
2016-06-13,49661.0
2016-06-14,48648.0
2016-06-15,48915.0
2016-06-16,49412.0
2016-06-17,49534.0
2016-06-20,50329.0
2016-06-21,50838.0
2016-06-22,50156.0
2016-06-23,51560.0
2016-06-24,50105.0
2016-06-27,49246.0
2016-06-28,50007.0
2016-06-29,51002.0
2016-06-30,51527.0
2016-07-01,52233.0
2016-07-04,52569.0
2016-07-05,51842.0
2016-07-06,51902.0
2016-07-07,52015.0
2016-07-08,53141.0
2016-07-11,53960.0
2016-07-12,54256.0
2016-07-13,54598.0
2016-07-14,55481.0
2016-07-15,55578.0
2016-07-18,56484.0
2016-07-19,56698.0
2016-07-20,56578.0
2016-07-21,56641.0
2016-07-22,57002.0
2016-07-25,56873.0
2016-07-26,56783.0
2016-07-27,56853.0
2016-07-28,56667.0
2016-07-29,57308.0
2016-08-01,56756.0
2016-08-02,56162.0
2016-08-03,57077.0
2016-08-04,57594.0
2016-08-05,57661.0
2016-08-08,57635.0
2016-08-09,57689.0
2016-08-10,56920.0
2016-08-11,58300.0
2016-08-12,58298.0
2016-08-15,59146.0
2016-08-16,58855.0
2016-08-17,59324.0
2016-08-18,59166.0
2016-08-19,59099.0
2016-08-22,57781.0
2016-08-23,58020.0
2016-08-24,57718.0
2016-08-25,57722.0
2016-08-26,57716.0
2016-08-29,58610.0
2016-08-30,58575.0
2016-08-31,57901.0
2016-09-01,58236.0
2016-09-02,59616.0
2016-09-05,59566.0
2016-09-06,60129.0
2016-09-08,60232.0
2016-09-09,58000.0
2016-09-12,58586.0
2016-09-13,56821.0
2016-09-14,57059.0
2016-09-15,57909.0
2016-09-16,57080.0
2016-09-19,57350.0
2016-09-20,57736.0
2016-09-21,58394.0
2016-09-22,58994.0
2016-09-23,58697.0
2016-09-26,58054.0
2016-09-27,58382.0
2016-09-28,59356.0
2016-09-29,58351.0
2016-09-30,58367.0
2016-10-03,59461.0
2016-10-04,59339.0
2016-10-05,60254.0
2016-10-06,60644.0
2016-10-07,61109.0
2016-10-10,61668.0
2016-10-11,61022.0
2016-10-13,61119.0
2016-10-14,61767.0
2016-10-17,62696.0
2016-10-18,63782.0
2016-10-19,63506.0
2016-10-20,63838.0
2016-10-21,64108.0
2016-10-24,64060.0
2016-10-25,63866.0
2016-10-26,63826.0
2016-10-27,64250.0
2016-10-28,64308.0
2016-10-31,64925.0
2016-11-01,63326.0
2016-11-03,61750.0
2016-11-04,61598.0
2016-11-07,64052.0
2016-11-08,64158.0
2016-11-09,63258.0
2016-11-10,61201.0
2016-11-11,59184.0
2016-11-14,59657.0
2016-11-16,60759.0
2016-11-17,59770.0
2016-11-18,59962.0
2016-11-21,61070.0
2016-11-22,61954.0
2016-11-23,61986.0
2016-11-24,61396.0
2016-11-25,61559.0
2016-11-28,62855.0
2016-11-29,60987.0
2016-11-30,61906.0
2016-12-01,59507.0
2016-12-02,60316.0
2016-12-05,59832.0
2016-12-06,61088.0
2016-12-07,61414.0
2016-12-08,60677.0
2016-12-09,60501.0
2016-12-12,59179.0
2016-12-13,59281.0
2016-12-14,58212.0
2016-12-15,58396.0
2016-12-16,58389.0
2016-12-19,57111.0
2016-12-20,57583.0
2016-12-21,57647.0
2016-12-22,57255.0
2016-12-23,57937.0
2016-12-26,58620.0
2016-12-27,58697.0
2016-12-28,59782.0
2016-12-29,60227.0
2017-01-02,59589.0
2017-01-03,61814.0
2017-01-04,61589.0
2017-01-05,62071.0
2017-01-06,61665.0
2017-01-09,61700.0
2017-01-10,62132.0
2017-01-11,62446.0
2017-01-12,63954.0
2017-01-13,63652.0
2017-01-16,63831.0
2017-01-17,64354.0
2017-01-18,64150.0
2017-01-19,63951.0
2017-01-20,64521.0
2017-01-23,65749.0
2017-01-24,65840.0
2017-01-26,66191.0
2017-01-27,66034.0
2017-01-30,64302.0
2017-01-31,64671.0
2017-02-01,64836.0
2017-02-02,64578.0
2017-02-03,64954.0
2017-02-06,63993.0
2017-02-07,64199.0
2017-02-08,64835.0
2017-02-09,64965.0
2017-02-10,66125.0
2017-02-13,66968.0
2017-02-14,66713.0
2017-02-15,67976.0
2017-02-16,67814.0
2017-02-17,67748.0
2017-02-20,68533.0
2017-02-21,69052.0
2017-02-22,68590.0
2017-02-23,67461.0
2017-02-24,66662.0
2017-03-01,66989.0
2017-03-02,65855.0
2017-03-03,66786.0
2017-03-06,66341.0
2017-03-07,65742.0
2017-03-08,64718.0
2017-03-09,64585.0
2017-03-10,64675.0
2017-03-13,65534.0
2017-03-14,64699.0
2017-03-15,66235.0
2017-03-16,65783.0
2017-03-17,64210.0
2017-03-20,64884.0
2017-03-21,62980.0
2017-03-22,63521.0
2017-03-23,63531.0
2017-03-24,63854.0
2017-03-27,64308.0
2017-03-28,64640.0
2017-03-29,65528.0
2017-03-30,65266.0
2017-03-31,64984.0
2017-04-03,65211.0
2017-04-04,65769.0
2017-04-05,64775.0
2017-04-06,64223.0
2017-04-07,64593.0
2017-04-10,64650.0
2017-04-11,64360.0
2017-04-12,63892.0
2017-04-13,62826.0
2017-04-17,64335.0
2017-04-18,64159.0
2017-04-19,63407.0
2017-04-20,63761.0
2017-04-24,64389.0
2017-04-25,65148.0
2017-04-26,64862.0
2017-04-27,64677.0
2017-04-28,65403.0
2017-05-02,66722.0
2017-05-03,66094.0
2017-05-04,64863.0
2017-05-05,65710.0
2017-05-08,65526.0
2017-05-09,66278.0
2017-05-10,67350.0
2017-05-11,67538.0
2017-05-12,68222.0
2017-05-15,68474.0
2017-05-16,68684.0
2017-05-17,67540.0
2017-05-18,61597.0
2017-05-19,62639.0
2017-05-22,61673.0
2017-05-23,62662.0
2017-05-24,63257.0
2017-05-25,63227.0
2017-05-26,64085.0
2017-05-29,63761.0
2017-05-30,63962.0
2017-05-31,62711.0
2017-06-01,62289.0
2017-06-02,62511.0
2017-06-05,62450.0
2017-06-06,62955.0
2017-06-07,63171.0
2017-06-08,62756.0
2017-06-09,62211.0
2017-06-12,61700.0
2017-06-13,61829.0
2017-06-14,61923.0
2017-06-16,61626.0
2017-06-19,62014.0
2017-06-20,60766.0
2017-06-21,60762.0
2017-06-22,61272.0
2017-06-23,61087.0
2017-06-26,62188.0
2017-06-27,61675.0
2017-06-28,62018.0
2017-06-29,62239.0
2017-06-30,62900.0
2017-07-03,63280.0
2017-07-04,63232.0
2017-07-05,63154.0
2017-07-06,62470.0
2017-07-07,62322.0
2017-07-10,63025.0
2017-07-11,63832.0
2017-07-12,64836.0
2017-07-13,65178.0
2017-07-14,65436.0
2017-07-17,65212.0
2017-07-18,65338.0
2017-07-19,65180.0
2017-07-20,64938.0
2017-07-21,64684.0
2017-07-24,65100.0
2017-07-25,65668.0
2017-07-26,65011.0
2017-07-27,65277.0
2017-07-28,65497.0
2017-07-31,65920.0
2017-08-01,66516.0
2017-08-02,67136.0
2017-08-03,66777.0
2017-08-04,66898.0
2017-08-07,67940.0
2017-08-08,67899.0
2017-08-09,67671.0
2017-08-10,66992.0
2017-08-11,67359.0
2017-08-14,68285.0
2017-08-15,68355.0
2017-08-16,68594.0
2017-08-17,67977.0
2017-08-18,68715.0
2017-08-21,68635.0
2017-08-22,70011.0
2017-08-23,70478.0
2017-08-24,71133.0
2017-08-25,71074.0
2017-08-28,71017.0
2017-08-29,71330.0
2017-08-30,70886.0
2017-08-31,70835.0
2017-09-01,71923.0
2017-09-04,72129.0
2017-09-05,72151.0
2017-09-06,73412.0
2017-09-08,73079.0
2017-09-11,74319.0
2017-09-12,74539.0
2017-09-13,74788.0
2017-09-14,74657.0
2017-09-15,75757.0
2017-09-18,75990.0
2017-09-19,75974.0
2017-09-20,76004.0
2017-09-21,75604.0
2017-09-22,75390.0
2017-09-25,74443.0
2017-09-26,74319.0
2017-09-27,73797.0
2017-09-28,73567.0
2017-09-29,74294.0
2017-10-02,74360.0
2017-10-03,76763.0
2017-10-04,76591.0
2017-10-05,76618.0
2017-10-06,76055.0
2017-10-09,75727.0
2017-10-10,76897.0
2017-10-11,76660.0
2017-10-13,76990.0
2017-10-16,76892.0
2017-10-17,76201.0
2017-10-18,76591.0
2017-10-19,76283.0
2017-10-20,76391.0
2017-10-23,75413.0
2017-10-24,76350.0
2017-10-25,76671.0
2017-10-26,75896.0
2017-10-27,75976.0
2017-10-30,74800.0
2017-10-31,74308.0
2017-11-01,73824.0
2017-11-03,73915.0
2017-11-06,74311.0
2017-11-07,72415.0
2017-11-08,74363.0
2017-11-09,72931.0
2017-11-10,72166.0
2017-11-13,72475.0
2017-11-14,70827.0
2017-11-16,72512.0
2017-11-17,73437.0
2017-11-21,74595.0
2017-11-22,74519.0
2017-11-23,74487.0
2017-11-24,74157.0
2017-11-27,74059.0
2017-11-28,74140.0
2017-11-29,72700.0
2017-11-30,71971.0
2017-12-01,72264.0
2017-12-04,73090.0
2017-12-05,72546.0
2017-12-06,73268.0
2017-12-07,72487.0
2017-12-08,72732.0
2017-12-11,72800.0
2017-12-12,73814.0
2017-12-13,72914.0
2017-12-14,72429.0
2017-12-15,72608.0
2017-12-18,73115.0
2017-12-19,72680.0
2017-12-20,73367.0
2017-12-21,75133.0
2017-12-22,75187.0
2017-12-26,75688.0
2017-12-27,76073.0
2017-12-28,76402.0
2017-12-29,76402.0
2018-01-02,77891.0
2018-01-03,77995.0
2018-01-04,78647.0
2018-01-05,79071.0
2018-01-08,79379.0
2018-01-09,78864.0
2018-01-10,78201.0
2018-01-11,79365.0
2018-01-12,79349.0
2018-01-15,79752.0
2018-01-16,79832.0
2018-01-17,81189.0
2018-01-18,80963.0
2018-01-19,81220.0
2018-01-22,81675.0
2018-01-23,80678.0
2018-01-24,83680.0
2018-01-26,85531.0
2018-01-29,84698.0
2018-01-30,84482.0
2018-01-31,84913.0
2018-02-01,85495.0
2018-02-02,84041.0
2018-02-05,81861.0
2018-02-06,83894.0
2018-02-07,82767.0
2018-02-08,81533.0
2018-02-09,80899.0
2018-02-14,83543.0
2018-02-15,84291.0
2018-02-16,84525.0
2018-02-19,84793.0
2018-02-20,85804.0
2018-02-21,86052.0
2018-02-22,86686.0
2018-02-23,87293.0
2018-02-26,87653.0
2018-02-27,86935.0
2018-02-28,85481.0
2018-03-01,85378.0
2018-03-02,85761.0
2018-03-05,86023.0
2018-03-06,85653.0
2018-03-07,85484.0
2018-03-08,84985.0
2018-03-09,86371.0
2018-03-12,86900.0
2018-03-13,86384.0
2018-03-14,86051.0
2018-03-15,84928.0
2018-03-16,84886.0
2018-03-19,83913.0
2018-03-20,84164.0
2018-03-21,84977.0
2018-03-22,84768.0
2018-03-23,84377.0
2018-03-26,85088.0
2018-03-27,83808.0
2018-03-28,83874.0
2018-03-29,85366.0
2018-04-02,84666.0
2018-04-03,84623.0
2018-04-04,84360.0
2018-04-05,85210.0
2018-04-06,84820.0
2018-04-09,83307.0
2018-04-10,84510.0
2018-04-11,85246.0
2018-04-12,85444.0
2018-04-13,84334.0
2018-04-16,82862.0
2018-04-17,84086.0
2018-04-18,85776.0
2018-04-19,85824.0
2018-04-20,85550.0
2018-04-23,85602.0
2018-04-24,85469.0
2018-04-25,85044.0
2018-04-26,86383.0
2018-04-27,86445.0
2018-04-30,86115.0
2018-05-02,84547.0
2018-05-03,83288.0
2018-05-04,83118.0
2018-05-07,82714.0
2018-05-08,82956.0
2018-05-09,84265.0
2018-05-10,85861.0
2018-05-11,85220.0
2018-05-14,85232.0
2018-05-15,85130.0
2018-05-16,86537.0
2018-05-17,83622.0
2018-05-18,83082.0
2018-05-21,81815.0
2018-05-22,82739.0
2018-05-23,80867.0
2018-05-24,80122.0
2018-05-25,78898.0
2018-05-28,75356.0
2018-05-29,76072.0
2018-05-30,76754.0
2018-06-01,77240.0
2018-06-04,78596.0
2018-06-05,76642.0
2018-06-06,76117.0
2018-06-07,73851.0
2018-06-08,72942.0
2018-06-11,72308.0
2018-06-12,72754.0
2018-06-13,72122.0
2018-06-14,71421.0
2018-06-15,70758.0
2018-06-18,69815.0
2018-06-19,71394.0
2018-06-20,72123.0
2018-06-21,70075.0
2018-06-22,70641.0
2018-06-25,70953.0
2018-06-26,71405.0
2018-06-27,70609.0
2018-06-28,71767.0
2018-06-29,72763.0
2018-07-02,72840.0
2018-07-03,73668.0
2018-07-04,74743.0
2018-07-05,74553.0
2018-07-06,75010.0
2018-07-10,74862.0
2018-07-11,74399.0
2018-07-12,75856.0
2018-07-13,76594.0
2018-07-16,76653.0
2018-07-17,78130.0
2018-07-18,77363.0
2018-07-19,77487.0
2018-07-20,78571.0
2018-07-23,77996.0
2018-07-24,79155.0
2018-07-25,80218.0
2018-07-26,79405.0
2018-07-27,79866.0
2018-07-30,80276.0
2018-07-31,79220.0
2018-08-01,79302.0
2018-08-02,79637.0
2018-08-03,81435.0
2018-08-06,81051.0
2018-08-07,80347.0
2018-08-08,79152.0
2018-08-09,78768.0
2018-08-10,76514.0
2018-08-13,77496.0
2018-08-14,78602.0
2018-08-15,77078.0
2018-08-16,76819.0
2018-08-17,76029.0
2018-08-20,76328.0
2018-08-21,75180.0
2018-08-22,76902.0
2018-08-23,75634.0
2018-08-24,76262.0
2018-08-27,77930.0
2018-08-28,77473.0
2018-08-29,78389.0
2018-08-30,76404.0
2018-08-31,76678.0
2018-09-03,76193.0
2018-09-04,74712.0
2018-09-05,75092.0
2018-09-06,76416.0
2018-09-10,76436.0
2018-09-11,74657.0
2018-09-12,75125.0
2018-09-13,74687.0
2018-09-14,75429.0
2018-09-17,76789.0
2018-09-18,78314.0
2018-09-19,78169.0
2018-09-20,78116.0
2018-09-21,79444.0
2018-09-24,77984.0
2018-09-25,78630.0
2018-09-26,78656.0
2018-09-27,80000.0
2018-09-28,79342.0
2018-10-01,78624.0
2018-10-02,81612.0
2018-10-03,83273.0
2018-10-04,82953.0
2018-10-05,82322.0
2018-10-08,86084.0
2018-10-09,86088.0
2018-10-10,83679.0
2018-10-11,82921.0
2018-10-15,83360.0
2018-10-16,85718.0
2018-10-17,85764.0
2018-10-18,83847.0
2018-10-19,84220.0
2018-10-22,85597.0
2018-10-23,85300.0
2018-10-24,83064.0
2018-10-25,84084.0
2018-10-26,85720.0
2018-10-29,83797.0
2018-10-30,86886.0
2018-10-31,87424.0
2018-11-01,88419.0
2018-11-05,89598.0
2018-11-06,88669.0
2018-11-07,87714.0
2018-11-08,85620.0
2018-11-09,85641.0
2018-11-12,85525.0
2018-11-13,84914.0
2018-11-14,85973.0
2018-11-16,88515.0
2018-11-19,87901.0
2018-11-21,87269.0
2018-11-22,87477.0
2018-11-23,86230.0
2018-11-26,85547.0
2018-11-27,87891.0
2018-11-28,89251.0
2018-11-29,89710.0
2018-11-30,89504.0
2018-12-03,89820.0
2018-12-04,88624.0
2018-12-05,89040.0
2018-12-06,88846.0
2018-12-07,88115.0
2018-12-10,85915.0
2018-12-11,86420.0
2018-12-12,86977.0
2018-12-13,87838.0
2018-12-14,87450.0
2018-12-17,86400.0
2018-12-18,86610.0
2018-12-19,85674.0
2018-12-20,85269.0
2018-12-21,85697.0
2018-12-26,85136.0
2018-12-27,85460.0
2018-12-28,87887.0
2019-01-02,91012.0
2019-01-03,91564.0
2019-01-04,91841.0
2019-01-07,91699.0
2019-01-08,92032.0
2019-01-09,93613.0
2019-01-10,93806.0
2019-01-11,93658.0
2019-01-14,94474.0
2019-01-15,94056.0
2019-01-16,94393.0
2019-01-17,95351.0
2019-01-18,96097.0
2019-01-21,96010.0
2019-01-22,95103.0
2019-01-23,96558.0
2019-01-24,97677.0
2019-01-28,95444.0
2019-01-29,95639.0
2019-01-30,96996.0
2019-01-31,97394.0
2019-02-01,97861.0
2019-02-04,98589.0
2019-02-05,98311.0
2019-02-06,94636.0
2019-02-07,94406.0
2019-02-08,95343.0
2019-02-11,94413.0
2019-02-12,96168.0
2019-02-13,95842.0
2019-02-14,98015.0
2019-02-15,97526.0
2019-02-18,96510.0
2019-02-19,97659.0
2019-02-20,96545.0
2019-02-21,96932.0
2019-02-22,97886.0
2019-02-25,97240.0
2019-02-26,97603.0
2019-02-27,97307.0
2019-02-28,95584.0
2019-03-01,94604.0
2019-03-06,94217.0
2019-03-07,94340.0
2019-03-08,95365.0
2019-03-11,98027.0
2019-03-12,97828.0
2019-03-13,98904.0
2019-03-14,98605.0
2019-03-15,99137.0
2019-03-18,99994.0
2019-03-19,99588.0
2019-03-20,98041.0
2019-03-21,96729.0
2019-03-22,93735.0
2019-03-25,93662.0
2019-03-26,95307.0
2019-03-27,91903.0
2019-03-28,94389.0
2019-03-29,95415.0
2019-04-01,96054.0
2019-04-02,95387.0
2019-04-03,94491.0
2019-04-04,96313.0
2019-04-05,97108.0
2019-04-08,97369.0
2019-04-09,96292.0
2019-04-10,95953.0
2019-04-11,94755.0
2019-04-12,92875.0
2019-04-15,93083.0
2019-04-16,94333.0
2019-04-17,93285.0
2019-04-18,94578.0
2019-04-22,94588.0
2019-04-23,95923.0
2019-04-24,95045.0
2019-04-25,96552.0
2019-04-26,96236.0
2019-04-29,96188.0
2019-04-30,96353.0
2019-05-02,95528.0
2019-05-03,96008.0
2019-05-06,95009.0
2019-05-07,94389.0
2019-05-08,95597.0
2019-05-09,94808.0
2019-05-10,94258.0
2019-05-13,91727.0
2019-05-14,92092.0
2019-05-15,91623.0
2019-05-16,90024.0
2019-05-17,89993.0
2019-05-20,91946.0
2019-05-21,94485.0
2019-05-22,94361.0
2019-05-23,93910.0
2019-05-24,93628.0
2019-05-27,94864.0
2019-05-28,96393.0
2019-05-29,96567.0
2019-05-30,97457.0
2019-05-31,97030.0
2019-06-03,97020.0
2019-06-04,97380.0
2019-06-05,95999.0
2019-06-06,97205.0
2019-06-07,97821.0
2019-06-10,97467.0
2019-06-11,98960.0
2019-06-12,98321.0
2019-06-13,98774.0
2019-06-14,98040.0
2019-06-17,97623.0
2019-06-18,99404.0
2019-06-19,100303.0
2019-06-21,102013.0
2019-06-24,102062.0
2019-06-25,100093.0
2019-06-26,100689.0
2019-06-27,100724.0
2019-06-28,100967.0
2019-07-01,101340.0
2019-07-02,100605.0
2019-07-03,102043.0
2019-07-04,103636.0
2019-07-05,104089.0
2019-07-08,104530.0
2019-07-10,105817.0
2019-07-11,105146.0
2019-07-12,103906.0
2019-07-15,103803.0
2019-07-16,103775.0
2019-07-17,103856.0
2019-07-18,104717.0
2019-07-19,103452.0
2019-07-22,103949.0
2019-07-23,103704.0
2019-07-24,104120.0
2019-07-25,102655.0
2019-07-26,102819.0
2019-07-29,103483.0
2019-07-30,102933.0
2019-07-31,101812.0
2019-08-01,102126.0
2019-08-02,102674.0
2019-08-05,100098.0
2019-08-06,102164.0
2019-08-07,102782.0
2019-08-08,104115.0
2019-08-09,103996.0
2019-08-12,101915.0
2019-08-13,103299.0
2019-08-14,100258.0
2019-08-15,99057.0
2019-08-16,99806.0
2019-08-19,99469.0
2019-08-20,99222.0
2019-08-21,101202.0
2019-08-22,100011.0
2019-08-23,97667.0
2019-08-26,96430.0
2019-08-27,97276.0
2019-08-28,98194.0
2019-08-29,100524.0
2019-08-30,101135.0
2019-09-02,100626.0
2019-09-03,99681.0
2019-09-04,101201.0
2019-09-05,102243.0
2019-09-06,102935.0
2019-09-09,103181.0
2019-09-10,103032.0
2019-09-11,103446.0
2019-09-12,104371.0
2019-09-13,103501.0
2019-09-16,103680.0
2019-09-17,104617.0
2019-09-18,104532.0
2019-09-19,104339.0
2019-09-20,104817.0
2019-09-23,104638.0
2019-09-24,103876.0
2019-09-25,104481.0
2019-09-26,105319.0
2019-09-27,105078.0
2019-09-30,104745.0
2019-10-01,104053.0
2019-10-02,101031.0
2019-10-03,101516.0
2019-10-04,102551.0
2019-10-07,100573.0
2019-10-08,99981.0
2019-10-09,101249.0
2019-10-10,101817.0
2019-10-11,103832.0
2019-10-14,104302.0
2019-10-15,104490.0
2019-10-16,105423.0
2019-10-17,105016.0
2019-10-18,104729.0
2019-10-21,106022.0
2019-10-22,107381.0
2019-10-23,107544.0
2019-10-24,106986.0
2019-10-25,107364.0
2019-10-28,108187.0
2019-10-29,107556.0
2019-10-30,108408.0
2019-10-31,107220.0
2019-11-01,108196.0
2019-11-04,108601.0
2019-11-05,108451.0
2019-11-06,108336.0
2019-11-07,109581.0
2019-11-08,107629.0
2019-11-11,108215.0
2019-11-12,106785.0
2019-11-13,105914.0
2019-11-14,106557.0
2019-11-18,106347.0
2019-11-19,105618.0
2019-11-21,107497.0
2019-11-22,108692.0
2019-11-25,108424.0
2019-11-26,107059.0
2019-11-27,107708.0
2019-11-28,108290.0
2019-11-29,108233.0
2019-12-02,109061.0
2019-12-03,108956.0
2019-12-04,110301.0
2019-12-05,110622.0
2019-12-06,111126.0
2019-12-09,110977.0
2019-12-10,110672.0
2019-12-11,110964.0
2019-12-12,112200.0
2019-12-13,112565.0
2019-12-16,111896.0
2019-12-17,112616.0
2019-12-18,114315.0
2019-12-19,115131.0
2019-12-20,115121.0
2019-12-23,115863.0
2019-12-26,117203.0
2019-12-27,116534.0
2019-12-30,115964.0
2020-01-02,118573.0
2020-01-03,117707.0
2020-01-06,116878.0
2020-01-07,116662.0
2020-01-08,116247.0
2020-01-09,115947.0
2020-01-10,115503.0
2020-01-13,117325.0
2020-01-14,117632.0
2020-01-15,116414.0
2020-01-16,116704.0
2020-01-17,118478.0
2020-01-20,118862.0
2020-01-21,117026.0
2020-01-22,118391.0
2020-01-23,119528.0
2020-01-24,118376.0
2020-01-27,114482.0
2020-01-28,116479.0
2020-01-29,115385.0
2020-01-30,115528.0
2020-01-31,113761.0
2020-02-03,114629.0
2020-02-04,115557.0
2020-02-05,116028.0
2020-02-06,115190.0
2020-02-07,113770.0
2020-02-10,112570.0
2020-02-11,115371.0
2020-02-12,116674.0
2020-02-13,115662.0
2020-02-14,114381.0
2020-02-17,115309.0
2020-02-18,114977.0
2020-02-19,116518.0
2020-02-20,114586.0
2020-02-21,113681.0
2020-02-26,105718.0
2020-02-27,102984.0
2020-02-28,104172.0
2020-03-02,106625.0
2020-03-03,105537.0
2020-03-04,107224.0
2020-03-05,102233.0
2020-03-06,97997.0
2020-03-09,86067.0
2020-03-10,92214.0
2020-03-11,85171.0
2020-03-12,72583.0
2020-03-13,82678.0
2020-03-16,71168.0
2020-03-17,74617.0
2020-03-18,66895.0
2020-03-19,68332.0
2020-03-20,67069.0
2020-03-23,63570.0
2020-03-24,69729.0
2020-03-25,74956.0
2020-03-26,77710.0
2020-03-27,73429.0
2020-03-30,74640.0
2020-03-31,73020.0
2020-04-01,70967.0
2020-04-02,72253.0
2020-04-03,69538.0
2020-04-06,74073.0
2020-04-07,76358.0
2020-04-08,78625.0
2020-04-09,77682.0
2020-04-13,78836.0
2020-04-14,79918.0
2020-04-15,78831.0
2020-04-16,77812.0
2020-04-17,78990.0
2020-04-20,78973.0
2020-04-22,80687.0
2020-04-23,79673.0
2020-04-24,75331.0
2020-04-27,78239.0
2020-04-28,81312.0
2020-04-29,83171.0
2020-04-30,80506.0
2020-05-04,78876.0
2020-05-05,79471.0
2020-05-06,79064.0
2020-05-07,78119.0
2020-05-08,80263.0
2020-05-11,79065.0
2020-05-12,77872.0
2020-05-13,77772.0
2020-05-14,79011.0
2020-05-15,77557.0
2020-05-18,81194.0
2020-05-19,80742.0
2020-05-20,81319.0
2020-05-21,83027.0
2020-05-22,82173.0
2020-05-25,85663.0
2020-05-26,85469.0
2020-05-27,87946.0
2020-05-28,86949.0
2020-05-29,87403.0
2020-06-01,88620.0
2020-06-02,91046.0
2020-06-03,93002.0
2020-06-04,93829.0
2020-06-05,94637.0
2020-06-08,97645.0
2020-06-09,96747.0
2020-06-10,94686.0
2020-06-12,92795.0
2020-06-15,92376.0
2020-06-16,93531.0
2020-06-17,95547.0
2020-06-18,96125.0
2020-06-19,96572.0
2020-06-22,95336.0
2020-06-23,95975.0
2020-06-24,94377.0
2020-06-25,95983.0
2020-06-26,93834.0
2020-06-29,95735.0
2020-06-30,95056.0
2020-07-01,96203.0
2020-07-02,96235.0
2020-07-03,96765.0
2020-07-06,98937.0
2020-07-07,97761.0
2020-07-08,99770.0
2020-07-09,99160.0
2020-07-10,100032.0
2020-07-13,98697.0
2020-07-14,100440.0
2020-07-15,101791.0
2020-07-16,100553.0
2020-07-17,102888.0
2020-07-20,104426.0
2020-07-21,104310.0
2020-07-22,104290.0
2020-07-23,102293.0
2020-07-24,102382.0
2020-07-27,104477.0
2020-07-28,104109.0
2020-07-29,105605.0
2020-07-30,105009.0
2020-07-31,102912.0
2020-08-03,102830.0
2020-08-04,101216.0
2020-08-05,102802.0
2020-08-06,104126.0
2020-08-07,102776.0
2020-08-10,103444.0
2020-08-11,102174.0
2020-08-12,102118.0
2020-08-13,100461.0
2020-08-14,101353.0
2020-08-17,99595.0
2020-08-18,102065.0
2020-08-19,100854.0
2020-08-20,101468.0
2020-08-21,101521.0
2020-08-24,102298.0
2020-08-25,102118.0
2020-08-26,100627.0
2020-08-27,100624.0
2020-08-28,102143.0
2020-08-31,99369.0
2020-09-01,102168.0
2020-09-02,101911.0
2020-09-03,100721.0
2020-09-04,101242.0
2020-09-08,100050.0
2020-09-09,101292.0
2020-09-10,98835.0
2020-09-11,98363.0
2020-09-14,100275.0
2020-09-15,100298.0
2020-09-16,99676.0
2020-09-17,100098.0
2020-09-18,98290.0
2020-09-21,96991.0
2020-09-22,97294.0
2020-09-23,95735.0
2020-09-24,97012.0
2020-09-25,96999.0
2020-09-28,94666.0
2020-09-29,93580.0
2020-09-30,94603.0
2020-10-01,95479.0
2020-10-02,94016.0
2020-10-05,96089.0
2020-10-06,95615.0
2020-10-07,95526.0
2020-10-08,97920.0
2020-10-09,97483.0
2020-10-13,98503.0
2020-10-14,99334.0
2020-10-15,99054.0
2020-10-16,98309.0
2020-10-19,98658.0
2020-10-20,100540.0
2020-10-21,100552.0
2020-10-22,101918.0
2020-10-23,101260.0
2020-10-26,101017.0
2020-10-27,99606.0
2020-10-28,95369.0
2020-10-29,96582.0
2020-10-30,93952.0
2020-11-03,95587.0
2020-11-04,97811.0
2020-11-05,100774.0
2020-11-06,100799.0
2020-11-09,103913.0
2020-11-10,105351.0
2020-11-11,104532.0
2020-11-12,102175.0
2020-11-13,104512.0
2020-11-16,106430.0
2020-11-17,107229.0
2020-11-18,106483.0
2020-11-19,106517.0
2020-11-23,107379.0
2020-11-24,109786.0
2020-11-25,110133.0
2020-11-26,110227.0
2020-11-27,110575.0
2020-11-30,108888.0
2020-12-01,111335.0
2020-12-02,111814.0
2020-12-03,112919.0
2020-12-04,113682.0
2020-12-07,113625.0
2020-12-08,113571.0
2020-12-09,112722.0
2020-12-10,114992.0
2020-12-11,115323.0
2020-12-14,114975.0
2020-12-15,116146.0
2020-12-16,117947.0
2020-12-17,118157.0
2020-12-18,117679.0
2020-12-21,116016.0
2020-12-22,116348.0
2020-12-23,117857.0
2020-12-28,119051.0
2020-12-29,119475.0
2020-12-30,119306.0
2021-01-04,118558.0
2021-01-05,119223.0
2021-01-06,119851.0
2021-01-07,121956.0
2021-01-08,125077.0
2021-01-11,122807.0
2021-01-12,123998.0
2021-01-13,122040.0
2021-01-14,123481.0
2021-01-15,120502.0
2021-01-18,121242.0
2021-01-19,120673.0
2021-01-20,119708.0
2021-01-21,118443.0
2021-01-22,117172.0
2021-01-26,116464.0
2021-01-27,115882.0
2021-01-28,119314.0
2021-01-29,116007.0
2021-02-01,117365.0
2021-02-02,118234.0
2021-02-03,119725.0
2021-02-04,119261.0
2021-02-05,119925.0
2021-02-08,119516.0
2021-02-09,119429.0
2021-02-10,118430.0
2021-02-11,119235.0
2021-02-12,119116.0
2021-02-17,120391.0
2021-02-18,119140.0
2021-02-19,118748.0
2021-02-22,112668.0
2021-02-23,115227.0
2021-02-24,115668.0
2021-02-25,112256.0
2021-02-26,110035.0
2021-03-01,110335.0
2021-03-02,111540.0
2021-03-03,111184.0
2021-03-04,112690.0
2021-03-05,115202.0
2021-03-08,110612.0
2021-03-09,111331.0
2021-03-10,112776.0
2021-03-11,114984.0
2021-03-12,114160.0
2021-03-15,114851.0
2021-03-16,114019.0
2021-03-17,116549.0
2021-03-18,114835.0
2021-03-19,116222.0
2021-03-22,114979.0
2021-03-23,113262.0
2021-03-24,112064.0
2021-03-25,113750.0
2021-03-26,114781.0
2021-03-29,115419.0
2021-03-30,116850.0
2021-03-31,116634.0
2021-04-01,115253.0
2021-04-05,117518.0
2021-04-06,117499.0
2021-04-07,117624.0
2021-04-08,118313.0
2021-04-09,117670.0
2021-04-12,118812.0
2021-04-13,119297.0
2021-04-14,120295.0
2021-04-15,120701.0
2021-04-16,121114.0
2021-04-19,120934.0
2021-04-20,120062.0
2021-04-22,119371.0
2021-04-23,120530.0
2021-04-26,120595.0
2021-04-27,119388.0
2021-04-28,121053.0
2021-04-29,120066.0
2021-04-30,118894.0
2021-05-03,119209.0
2021-05-04,117712.0
2021-05-05,119564.0
2021-05-06,119921.0
2021-05-07,122038.0
2021-05-10,121909.0
2021-05-11,122964.0
2021-05-12,119710.0
2021-05-13,120706.0
2021-05-14,121881.0
2021-05-17,122938.0
2021-05-18,122980.0
2021-05-19,122636.0
2021-05-20,122701.0
2021-05-21,122592.0
2021-05-24,124032.0
2021-05-25,122988.0
2021-05-26,123989.0
2021-05-27,124367.0
2021-05-28,125561.0
2021-05-31,126216.0
2021-06-01,128267.0
2021-06-02,129601.0
2021-06-04,130126.0
2021-06-07,130776.0
2021-06-08,129787.0
2021-06-09,129907.0
2021-06-10,130076.0
2021-06-11,129441.0
2021-06-14,130208.0
2021-06-15,130091.0
2021-06-16,129259.0
2021-06-17,128057.0
2021-06-18,128405.0
2021-06-21,129265.0
2021-06-22,128767.0
2021-06-23,128428.0
2021-06-24,129514.0
2021-06-25,127256.0
2021-06-28,127429.0
2021-06-29,127327.0
2021-06-30,126802.0
2021-07-01,125666.0
2021-07-02,127622.0
2021-07-05,126920.0
2021-07-06,125095.0
2021-07-07,127019.0
2021-07-08,125428.0
2021-07-12,127594.0
2021-07-13,128168.0
2021-07-14,128407.0
2021-07-15,127468.0
2021-07-16,125960.0
2021-07-19,124395.0
2021-07-20,125401.0
2021-07-21,125929.0
2021-07-22,126147.0
2021-07-23,125053.0
2021-07-26,126004.0
2021-07-27,124612.0
2021-07-28,126286.0
2021-07-29,125675.0
2021-07-30,121801.0
2021-08-02,122516.0
2021-08-03,123577.0
2021-08-04,121801.0
2021-08-05,121633.0
2021-08-06,122810.0
2021-08-09,123019.0
2021-08-10,122202.0
2021-08-11,122056.0
2021-08-12,120701.0
2021-08-13,121194.0
2021-08-16,119180.0
2021-08-17,117904.0
2021-08-18,116643.0
2021-08-19,117165.0
2021-08-20,118053.0
2021-08-23,117472.0
2021-08-24,120211.0
2021-08-25,120818.0
2021-08-26,118724.0
2021-08-27,120678.0
2021-08-30,119740.0
2021-08-31,118781.0
2021-09-01,119396.0
2021-09-02,116677.0
2021-09-03,116933.0
2021-09-06,117869.0
2021-09-08,113413.0
2021-09-09,115361.0
2021-09-10,114286.0
2021-09-13,116404.0
2021-09-14,116181.0
2021-09-15,115063.0
2021-09-16,113794.0
2021-09-17,111439.0
2021-09-20,108844.0
2021-09-21,110250.0
2021-09-22,112282.0
2021-09-23,114064.0
2021-09-24,113283.0
2021-09-27,113583.0
2021-09-28,110124.0
2021-09-29,111107.0
2021-09-30,110979.0
2021-10-01,112900.0
2021-10-04,110393.0
2021-10-05,110458.0
2021-10-06,110560.0
2021-10-07,110585.0
2021-10-08,112833.0
2021-10-11,112180.0
2021-10-13,113456.0
2021-10-14,113185.0
2021-10-15,114648.0
2021-10-18,114428.0
2021-10-19,110673.0
2021-10-20,110786.0
2021-10-21,107735.0
2021-10-22,106296.0
2021-10-25,108715.0
2021-10-26,106420.0
2021-10-27,106363.0
2021-10-28,105705.0
2021-10-29,103501.0
2021-11-01,105551.0
2021-11-03,105617.0
2021-11-04,103412.0
2021-11-05,104824.0
2021-11-08,104781.0
2021-11-09,105535.0
2021-11-10,105968.0
2021-11-11,107725.0
2021-11-12,106312.0
2021-11-16,104508.0
2021-11-17,102945.0
2021-11-18,102524.0
2021-11-19,103035.0
2021-11-22,102122.0
2021-11-23,103663.0
2021-11-24,104514.0
2021-11-25,105811.0
2021-11-26,102224.0
2021-11-29,102814.0
2021-11-30,101915.0
2021-12-01,100775.0
2021-12-02,104466.0
2021-12-03,105070.0
2021-12-06,106859.0
2021-12-07,107558.0
2021-12-08,108096.0
2021-12-09,106291.0
2021-12-10,107758.0
2021-12-13,107383.0
2021-12-14,106760.0
2021-12-15,107370.0
2021-12-16,108212.0
2021-12-17,107201.0
2021-12-20,105020.0
2021-12-21,105500.0
2021-12-22,105244.0
2021-12-23,104891.0
2021-12-27,105531.0
2021-12-28,104864.0
2021-12-29,104107.0
2021-12-30,104822.0
2022-01-03,103922.0
2022-01-04,103514.0
2022-01-05,101006.0
2022-01-06,101561.0
2022-01-07,102719.0
2022-01-10,101945.0
2022-01-11,103779.0
2022-01-12,105686.0
2022-01-13,105530.0
2022-01-14,106928.0
2022-01-17,106692.0
2022-01-18,106522.0
2022-01-19,108013.0
2022-01-20,109102.0
2022-01-21,108942.0
2022-01-24,107752.0
2022-01-25,109845.0
2022-01-26,111573.0
2022-01-27,112315.0
2022-01-28,111478.0
2022-01-31,112388.0
2022-02-01,113147.0
2022-02-02,112161.0
2022-02-03,111696.0
2022-02-04,112245.0
2022-02-07,111996.0
2022-02-08,112234.0
2022-02-09,112461.0
2022-02-10,113359.0
2022-02-11,113572.0
2022-02-14,113807.0
2022-02-15,114660.0
2022-02-16,115181.0
2022-02-17,113528.0
2022-02-18,112768.0
2022-02-21,111725.0
2022-02-22,112892.0
2022-02-23,112008.0
2022-02-24,111592.0
2022-02-25,113142.0
2022-03-02,115174.0
2022-03-03,115166.0
2022-03-04,114474.0
2022-03-07,111593.0
2022-03-08,111203.0
2022-03-09,113900.0
2022-03-10,113663.0
2022-03-11,111713.0
2022-03-14,109928.0
2022-03-15,108959.0
2022-03-16,111112.0
2022-03-17,113076.0
2022-03-18,115311.0
2022-03-21,116155.0
2022-03-22,117272.0
2022-03-23,117457.0
2022-03-24,119053.0
2022-03-25,119081.0
2022-03-28,118738.0
2022-03-29,120014.0
2022-03-30,120260.0
2022-03-31,119999.0
2022-04-01,121570.0
2022-04-04,121280.0
2022-04-05,118885.0
2022-04-06,118228.0
2022-04-07,118862.0
2022-04-08,118322.0
2022-04-11,116953.0
2022-04-12,116147.0
2022-04-13,116782.0
2022-04-14,116182.0
2022-04-18,115687.0
2022-04-19,115057.0
2022-04-20,114344.0
2022-04-22,111078.0
2022-04-25,110685.0
2022-04-26,108213.0
2022-04-27,109349.0
2022-04-28,109919.0
2022-04-29,107876.0
2022-05-02,106639.0
2022-05-03,106528.0
2022-05-04,108344.0
2022-05-05,105304.0
2022-05-06,105135.0
2022-05-09,103250.0
2022-05-10,103110.0
2022-05-11,104397.0
2022-05-12,105688.0
2022-05-13,106924.0
2022-05-16,108233.0
2022-05-17,108789.0
2022-05-18,106247.0
2022-05-19,107005.0
2022-05-20,108488.0
2022-05-23,110346.0
2022-05-24,110581.0
2022-05-25,110580.0
2022-05-26,111890.0
2022-05-27,111942.0
2022-05-30,111032.0
2022-05-31,111351.0
2022-06-01,111360.0
2022-06-02,112393.0
2022-06-03,111102.0
2022-06-06,110186.0
2022-06-07,110070.0
2022-06-08,108368.0
2022-06-09,107094.0
2022-06-10,105481.0
2022-06-13,102598.0
2022-06-14,102063.0
2022-06-15,102807.0
2022-06-17,99825.0
2022-06-20,99853.0
2022-06-21,99685.0
2022-06-22,99522.0
2022-06-23,98080.0
2022-06-24,98672.0
2022-06-27,100764.0
2022-06-28,100591.0
2022-06-29,99622.0
2022-06-30,98542.0
2022-07-01,98954.0
2022-07-04,98609.0
2022-07-05,98295.0
2022-07-06,98719.0
2022-07-07,100730.0
2022-07-08,100289.0
2022-07-11,98212.0
2022-07-12,98271.0
2022-07-13,97881.0
2022-07-14,96121.0
2022-07-15,96551.0
2022-07-18,96916.0
2022-07-19,98245.0
2022-07-20,98287.0
2022-07-21,99033.0
2022-07-22,98925.0
2022-07-25,100270.0
2022-07-26,99772.0
2022-07-27,101438.0
2022-07-28,102597.0
2022-07-29,103165.0
2022-08-01,102225.0
2022-08-02,103362.0
2022-08-03,103775.0
2022-08-04,105892.0
2022-08-05,106472.0
2022-08-08,108402.0
2022-08-09,108651.0
2022-08-10,110236.0
2022-08-11,109718.0
2022-08-12,112764.0
2022-08-15,113032.0
2022-08-16,113512.0
2022-08-17,113708.0
2022-08-18,113813.0
2022-08-19,111496.0
2022-08-22,110501.0
2022-08-23,112857.0
2022-08-24,112898.0
2022-08-25,113532.0
2022-08-26,112299.0
2022-08-29,112323.0
2022-08-30,110431.0
2022-08-31,109523.0
2022-09-01,110405.0
2022-09-02,110864.0
2022-09-05,112203.0
2022-09-06,109764.0
2022-09-08,109916.0
2022-09-09,112300.0
2022-09-12,113407.0
2022-09-13,110794.0
2022-09-14,110547.0
2022-09-15,109954.0
2022-09-16,109280.0
2022-09-19,111824.0
2022-09-20,112517.0
2022-09-21,111936.0
2022-09-22,114070.0
2022-09-23,111716.0
2022-09-26,109114.0
2022-09-27,108376.0
2022-09-28,108451.0
2022-09-29,107664.0
2022-09-30,110037.0
2022-10-03,116134.0
2022-10-04,116230.0
2022-10-05,117198.0
2022-10-06,117561.0
2022-10-07,116375.0
2022-10-10,115941.0
2022-10-11,114827.0
2022-10-13,114300.0
2022-10-14,112072.0
2022-10-17,113624.0
2022-10-18,115743.0
2022-10-19,116274.0
2022-10-20,117171.0
2022-10-21,119929.0
2022-10-24,116013.0
2022-10-25,114626.0
2022-10-26,112764.0
2022-10-27,114641.0
2022-10-28,114539.0
2022-10-31,116037.0
2022-11-01,116929.0
2022-11-03,116896.0
2022-11-04,118155.0
2022-11-07,115342.0
2022-11-08,116160.0
2022-11-09,113580.0
2022-11-10,109775.0
2022-11-11,112253.0
2022-11-14,113161.0
2022-11-16,110243.0
2022-11-17,109703.0
2022-11-18,108880.0
2022-11-21,109748.0
2022-11-22,109037.0
2022-11-23,108683.0
2022-11-24,111831.0
2022-11-25,108977.0
2022-11-28,108782.0
2022-11-29,110910.0
2022-11-30,112486.0
2022-12-01,110926.0
2022-12-02,111924.0
2022-12-05,109401.0
2022-12-06,109533.0
2022-12-07,109361.0
2022-12-08,107245.0
2022-12-09,107689.0
2022-12-12,105264.0
2022-12-13,103892.0
2022-12-14,103803.0
2022-12-15,103738.0
2022-12-16,102825.0
2022-12-19,104530.0
2022-12-20,106979.0
2022-12-21,107313.0
2022-12-22,107317.0
2022-12-23,109698.0
2022-12-26,108738.0
2022-12-27,108347.0
2022-12-28,110237.0
2022-12-29,110031.0
2023-01-02,106376.0
2023-01-03,104166.0
2023-01-04,105334.0
2023-01-05,107518.0
2023-01-06,108836.0
2023-01-09,109227.0
2023-01-10,110912.0
2023-01-11,111763.0
2023-01-12,111877.0
2023-01-13,110916.0
2023-01-16,109213.0
2023-01-17,111439.0
2023-01-18,112452.0
2023-01-19,113006.0
2023-01-20,112301.0
2023-01-23,111709.0
2023-01-24,113028.0
2023-01-25,114195.0
2023-01-26,114109.0
2023-01-27,112502.0
2023-01-30,111888.0
2023-01-31,113532.0
2023-02-01,112303.0
2023-02-02,109935.0
2023-02-03,108490.0
2023-02-06,108456.0
2023-02-07,107920.0
2023-02-08,109882.0
2023-02-09,107783.0
2023-02-10,108150.0
2023-02-13,108846.0
2023-02-14,107659.0
2023-02-15,109442.0
2023-02-16,109905.0
2023-02-17,109303.0
2023-02-22,107152.0
2023-02-23,107720.0
2023-02-24,105873.0
2023-02-27,105711.0
2023-02-28,104932.0
2023-03-01,104385.0
2023-03-02,103326.0
2023-03-03,103866.0
2023-03-06,104700.0
2023-03-07,104228.0
2023-03-08,106540.0
2023-03-09,105071.0
2023-03-10,103618.0
2023-03-13,103121.0
2023-03-14,102932.0
2023-03-15,102675.0
2023-03-16,103435.0
2023-03-17,101982.0
2023-03-20,100923.0
2023-03-21,100998.0
2023-03-22,100221.0
2023-03-23,97926.0
2023-03-24,98829.0
2023-03-27,99670.0
2023-03-28,101185.0
2023-03-29,101793.0
2023-03-30,103713.0
2023-03-31,101882.0
2023-04-03,101506.0
2023-04-04,101869.0
2023-04-05,100978.0
2023-04-06,100822.0
2023-04-10,101847.0
2023-04-11,106214.0
2023-04-12,106890.0
2023-04-13,106458.0
2023-04-14,106279.0
2023-04-17,106016.0
2023-04-18,106163.0
2023-04-19,103913.0
2023-04-20,104367.0
2023-04-24,103947.0
2023-04-25,103220.0
2023-04-26,102312.0
2023-04-27,102923.0
2023-04-28,104432.0
2023-05-02,101927.0
2023-05-03,101797.0
2023-05-04,102174.0
2023-05-05,105148.0
2023-05-08,106042.0
2023-05-09,107114.0
2023-05-10,107448.0
2023-05-11,108256.0
2023-05-12,108464.0
2023-05-15,109029.0
2023-05-16,108194.0
2023-05-17,109460.0
2023-05-18,110108.0
2023-05-19,110745.0
2023-05-22,110213.0
2023-05-23,109929.0
2023-05-24,108800.0
2023-05-25,110054.0
2023-05-26,110906.0
2023-05-29,110333.0
2023-05-30,108967.0
2023-05-31,108335.0
2023-06-01,110565.0
2023-06-02,112558.0
2023-06-05,112696.0
2023-06-06,114610.0
2023-06-07,115488.0
2023-06-09,117019.0
2023-06-12,117336.0
2023-06-13,116743.0
2023-06-14,119069.0
2023-06-15,119221.0
2023-06-16,118758.0
2023-06-19,119858.0
2023-06-20,119622.0
2023-06-21,120420.0
2023-06-22,118934.0
2023-06-23,118977.0
2023-06-26,118243.0
2023-06-27,117523.0
2023-06-28,116681.0
2023-06-29,118383.0
2023-06-30,118087.0
2023-07-03,119673.0
2023-07-04,119076.0
2023-07-05,119549.0
2023-07-06,117426.0
2023-07-07,118898.0
2023-07-10,117942.0
2023-07-11,117220.0
2023-07-12,117666.0
2023-07-13,119264.0
2023-07-14,117711.0
2023-07-17,118219.0
2023-07-18,117841.0
2023-07-19,117552.0
2023-07-20,118083.0
2023-07-21,120217.0
2023-07-24,121342.0
2023-07-25,122008.0
2023-07-26,122560.0
2023-07-27,119990.0
2023-07-28,120187.0
2023-07-31,121943.0
2023-08-01,121248.0
2023-08-02,120859.0
2023-08-03,120586.0
2023-08-04,119508.0
2023-08-07,119380.0
2023-08-08,119090.0
2023-08-09,118409.0
2023-08-10,118350.0
2023-08-11,118065.0
2023-08-14,116810.0
2023-08-15,116171.0
2023-08-16,115592.0
2023-08-17,114982.0
2023-08-18,115409.0
2023-08-21,114429.0
2023-08-22,116156.0
2023-08-23,118135.0
2023-08-24,117026.0
2023-08-25,115837.0
2023-08-28,117121.0
2023-08-29,118404.0
2023-08-30,117535.0
2023-08-31,115742.0
2023-09-01,117893.0
2023-09-04,117777.0
2023-09-05,117331.0
2023-09-06,115985.0
2023-09-08,115313.0
2023-09-11,116883.0
2023-09-12,117968.0
2023-09-13,118176.0
2023-09-14,119392.0
2023-09-15,118758.0
2023-09-18,118288.0
2023-09-19,117846.0
2023-09-20,118695.0
2023-09-21,116145.0
2023-09-22,116009.0
2023-09-25,115925.0
2023-09-26,114193.0
2023-09-27,114327.0
2023-09-28,115731.0
2023-09-29,116565.0
2023-10-02,115057.0
2023-10-03,113419.0
2023-10-04,113607.0
2023-10-05,113284.0
2023-10-06,114170.0
2023-10-09,115156.0
2023-10-10,116737.0
2023-10-11,117051.0
2023-10-13,115754.0
2023-10-16,116534.0
2023-10-17,115908.0
2023-10-18,114060.0
2023-10-19,114004.0
2023-10-20,113155.0
2023-10-23,112785.0
2023-10-24,113762.0
2023-10-25,112830.0
2023-10-26,114777.0
2023-10-27,113301.0
2023-10-30,112532.0
2023-10-31,113144.0
2023-11-01,115053.0
2023-11-03,118160.0
2023-11-06,118487.0
2023-11-07,119268.0
2023-11-08,119099.0
2023-11-09,119012.0
2023-11-10,120636.0
2023-11-13,120376.0
2023-11-14,123328.0
2023-11-16,124576.0
2023-11-17,125062.0
2023-11-20,126095.0
2023-11-21,125607.0
2023-11-22,126035.0
2023-11-23,126576.0
2023-11-24,125542.0
2023-11-27,125683.0
2023-11-28,126538.0
2023-11-29,126101.0
2023-11-30,127331.0
2023-12-01,128103.0
2023-12-04,126803.0
2023-12-05,126903.0
2023-12-06,125623.0
2023-12-07,126010.0
2023-12-08,127094.0
2023-12-11,126916.0
2023-12-12,126403.0
2023-12-13,129465.0
2023-12-14,130842.0
2023-12-15,130197.0
2023-12-18,131084.0
2023-12-19,131851.0
2023-12-20,130804.0
2023-12-21,132182.0
2023-12-22,132753.0
2023-12-26,133533.0
2023-12-27,134194.0
2023-12-28,134185.0
2024-01-02,132697.0
2024-01-03,132834.0
2024-01-04,131226.0
2024-01-05,132023.0
2024-01-08,132427.0
2024-01-09,131447.0
2024-01-10,130841.0
2024-01-11,130649.0
2024-01-12,130988.0
2024-01-15,131521.0
2024-01-16,129294.0
2024-01-17,128524.0
2024-01-18,127316.0
2024-01-19,127636.0
2024-01-22,126602.0
2024-01-23,128263.0
2024-01-24,127816.0
2024-01-25,128169.0
2024-01-26,128967.0
2024-01-29,128503.0
2024-01-30,127402.0
2024-01-31,127752.0
2024-02-01,128481.0
2024-02-02,127182.0
2024-02-05,127593.0
2024-02-06,130416.0
2024-02-07,129608.0
2024-02-08,128217.0
2024-02-09,128026.0
2024-02-14,127018.0
2024-02-15,127804.0
2024-02-16,128726.0
2024-02-19,129036.0
2024-02-20,129916.0
2024-02-21,130032.0
2024-02-22,130241.0
2024-02-23,129419.0
2024-02-26,129609.0
2024-02-27,131689.0
2024-02-28,130155.0
2024-02-29,129020.0
2024-03-01,129180.0
2024-03-04,128341.0
2024-03-05,128098.0
2024-03-06,128890.0
2024-03-07,128340.0
2024-03-08,127071.0
2024-03-11,126124.0
2024-03-12,127668.0
2024-03-13,128006.0
2024-03-14,127690.0
2024-03-15,126742.0
2024-03-18,126954.0
2024-03-19,127529.0
2024-03-20,129125.0
2024-03-21,128159.0
2024-03-22,127027.0
2024-03-25,126931.0
2024-03-26,126863.0
2024-03-27,127691.0
2024-03-28,128106.0
2024-04-01,126990.0
2024-04-02,127549.0
2024-04-03,127318.0
2024-04-04,127428.0
2024-04-05,126795.0
2024-04-08,128857.0
2024-04-09,129890.0
2024-04-10,128054.0
2024-04-11,127396.0
2024-04-12,125946.0
2024-04-15,125334.0
2024-04-16,124389.0
2024-04-17,124171.0
2024-04-18,124196.0
2024-04-19,125124.0
2024-04-22,125573.0
2024-04-23,125148.0
2024-04-24,124741.0
2024-04-25,124646.0
2024-04-26,126526.0
2024-04-29,127352.0
2024-04-30,125924.0
2024-05-02,127122.0
2024-05-03,128509.0
2024-05-06,128466.0
2024-05-07,129210.0
2024-05-08,129481.0
2024-05-09,128188.0
2024-05-10,127600.0
2024-05-13,128155.0
2024-05-14,128515.0
2024-05-15,128028.0
2024-05-16,128284.0
2024-05-17,128151.0
2024-05-20,127751.0
2024-05-21,127412.0
2024-05-22,125650.0
2024-05-23,124729.0
2024-05-24,124306.0
2024-05-27,124496.0
2024-05-28,123780.0
2024-05-29,122707.0
2024-05-31,122098.0
2024-06-03,122032.0
2024-06-04,121802.0
2024-06-05,121407.0
2024-06-06,122899.0
2024-06-07,120767.0
2024-06-10,120760.0
2024-06-11,121635.0
2024-06-12,119936.0
2024-06-13,119568.0
2024-06-14,119662.0
2024-06-17,119138.0
2024-06-18,119630.0
2024-06-19,120261.0
2024-06-20,120446.0
2024-06-21,121341.0
2024-06-24,122637.0
2024-06-25,122331.0
2024-06-26,122641.0
2024-06-27,124308.0
2024-06-28,123907.0
2024-07-01,124718.0
2024-07-02,124787.0
2024-07-03,125662.0
2024-07-04,126164.0
2024-07-05,126267.0
2024-07-08,126548.0
2024-07-09,127108.0
2024-07-10,127218.0
2024-07-11,128294.0
2024-07-12,128897.0
2024-07-15,129321.0
2024-07-16,129110.0
2024-07-17,129450.0
2024-07-18,127652.0
2024-07-19,127616.0
2024-07-22,127860.0
2024-07-23,126590.0
2024-07-24,126423.0
2024-07-25,125954.0
2024-07-26,127492.0
2024-07-29,126954.0
2024-07-30,126139.0
2024-07-31,127652.0
2024-08-01,127395.0
2024-08-02,125854.0
2024-08-05,125270.0
2024-08-06,126267.0
2024-08-07,127514.0
2024-08-08,128661.0
2024-08-09,130615.0
2024-08-12,131116.0
2024-08-13,132398.0
2024-08-14,133318.0
2024-08-15,134153.0
2024-08-16,133953.0
2024-08-19,135778.0
2024-08-20,136087.0
2024-08-21,136464.0
2024-08-22,135173.0
2024-08-23,135608.0
2024-08-26,136889.0
2024-08-27,136776.0
2024-08-28,137344.0
2024-08-29,136041.0
2024-08-30,136004.0
2024-09-02,134981.0
2024-09-03,134353.0
2024-09-04,136111.0
2024-09-05,136502.0
2024-09-06,134572.0
2024-09-09,134737.0
2024-09-10,134320.0
2024-09-11,134677.0
2024-09-12,134029.0
2024-09-13,134882.0
2024-09-16,135118.0
2024-09-17,134960.0
2024-09-18,133748.0
2024-09-19,133123.0
2024-09-20,131065.0
2024-09-23,130568.0
2024-09-24,132156.0
2024-09-25,131586.0
2024-09-26,133010.0
2024-09-27,132730.0
2024-09-30,131816.0
2024-10-01,132495.0
2024-10-02,133515.0
2024-10-03,131672.0
2024-10-04,131792.0
2024-10-07,132018.0
2024-10-08,131512.0
2024-10-09,129962.0
2024-10-10,130353.0
2024-10-11,129992.0
2024-10-14,131005.0
2024-10-15,131043.0
2024-10-16,131750.0
2024-10-17,130793.0
2024-10-18,130499.0
2024-10-21,130362.0
2024-10-22,129721.0
2024-10-23,129233.0
2024-10-24,130067.0
2024-10-25,129893.0
2024-10-28,131213.0
2024-10-29,130730.0
2024-10-30,130639.0
2024-10-31,129713.0
2024-11-01,128121.0
2024-11-04,130515.0
2024-11-05,130661.0
2024-11-06,130341.0
2024-11-07,129682.0
2024-11-08,127830.0
2024-11-11,127874.0
2024-11-12,127698.0
2024-11-13,127734.0
2024-11-14,127792.0
2024-11-18,127768.0
2024-11-19,128197.0
2024-11-21,126922.0
2024-11-22,129126.0
2024-11-25,129036.0
2024-11-26,129922.0
2024-11-27,127669.0
2024-11-28,124610.0
2024-11-29,125668.0
2024-12-02,125236.0
2024-12-03,126139.0
2024-12-04,126087.0
2024-12-05,127858.0
2024-12-06,125946.0
2024-12-09,127210.0
2024-12-10,128228.0
2024-12-11,129593.0
2024-12-12,126042.0
2024-12-13,124612.0
2024-12-16,123560.0
2024-12-17,124698.0
2024-12-18,120772.0
2024-12-19,121188.0
2024-12-20,122102.0
2024-12-23,120767.0
2024-12-26,121078.0
2024-12-27,120269.0
2024-12-30,120283.0
2025-01-02,120125.0
2025-01-03,118533.0
2025-01-06,120022.0
2025-01-07,121163.0
2025-01-08,119625.0
2025-01-09,119781.0
2025-01-10,118856.0
2025-01-13,119007.0
2025-01-14,119299.0
2025-01-15,122650.0
2025-01-16,121234.0
2025-01-17,122350.0
2025-01-20,122543.0
2025-01-21,123338.0
2025-01-22,122972.0
2025-01-23,122483.0
2025-01-24,122447.0
2025-01-27,124862.0
2025-01-28,124056.0
2025-01-29,123432.0
2025-01-30,126913.0
2025-01-31,126135.0
2025-02-03,125970.0
2025-02-04,125147.0
2025-02-05,125534.0
2025-02-06,126225.0
2025-02-07,124619.0
2025-02-10,125572.0
2025-02-11,126522.0
2025-02-12,124380.0
2025-02-13,124850.0
2025-02-14,128219.0
2025-02-17,128869.0
2025-02-18,128532.0
2025-02-19,127309.0
2025-02-20,127601.0
2025-02-21,127128.0
2025-02-24,125401.0
2025-02-25,125980.0
2025-02-26,124769.0
2025-02-27,124799.0
2025-02-28,122799.0
2025-03-05,123047.0
2025-03-06,123358.0
2025-03-07,125035.0
2025-03-10,124519.0
2025-03-11,123507.0
2025-03-12,123864.0
2025-03-13,125637.0
2025-03-14,128957.0
2025-03-17,130834.0
2025-03-18,131475.0
2025-03-19,132508.0
2025-03-20,131955.0
2025-03-21,132345.0
2025-03-24,131321.0
2025-03-25,132068.0
2025-03-26,132520.0
2025-03-27,133149.0
2025-03-28,131902.0
2025-03-31,130260.0
2025-04-01,131147.0
2025-04-02,131190.0
2025-04-03,131141.0
2025-04-04,127256.0
2025-04-07,125588.0
2025-04-08,123932.0
2025-04-09,127796.0
2025-04-10,126355.0
2025-04-11,127682.0
2025-04-14,129454.0
2025-04-15,129245.0
2025-04-16,128317.0
2025-04-17,129650.0
2025-04-22,130464.0
2025-04-23,132216.0
2025-04-24,134580.0
2025-04-25,134739.0
2025-04-28,135016.0
2025-04-29,135093.0
2025-04-30,135067.0
2025-05-02,135134.0
2025-05-05,133491.0
2025-05-06,133516.0
2025-05-07,133398.0
2025-05-08,136232.0
2025-05-09,136512.0
2025-05-12,136563.0
2025-05-13,138963.0
2025-05-14,138423.0
2025-05-15,139334.0
2025-05-16,139187.0
2025-05-19,139636.0
2025-05-20,140110.0
2025-05-21,137881.0
2025-05-22,137273.0
2025-05-23,137824.0
2025-05-26,138136.0
2025-05-27,139541.0
2025-05-28,138888.0
2025-05-29,138534.0
2025-05-30,137027.0
2025-06-02,136787.0
2025-06-03,137546.0
2025-06-04,137002.0
2025-06-05,136236.0
2025-06-06,136102.0
2025-06-09,135699.0
2025-06-10,136436.0
2025-06-11,137128.0
2025-06-12,137800.0
2025-06-13,137213.0
2025-06-16,139256.0
2025-06-17,138840.0
2025-06-18,138717.0
2025-06-20,137116.0
2025-06-23,136551.0
2025-06-24,137165.0
2025-06-25,135767.0
2025-06-26,137114.0
2025-06-27,136866.0
2025-06-30,138855.0
2025-07-01,139549.0
2025-07-02,139051.0
2025-07-03,140928.0
2025-07-04,141478.0
2025-07-07,139490.0
2025-07-08,139303.0
2025-07-09,137481.0
2025-07-10,136743.0
2025-07-11,136187.0
2025-07-14,135299.0
2025-07-15,135250.0
2025-07-16,135511.0
2025-07-17,135565.0
2025-07-18,133382.0
2025-07-21,134167.0
2025-07-22,134036.0
2025-07-23,135368.0
2025-07-24,133808.0
2025-07-25,133524.0
2025-07-28,132129.0
2025-07-29,132726.0
2025-07-30,133990.0
2025-07-31,133071.0
2025-08-01,132437.0
2025-08-04,132971.0
2025-08-05,133151.0
2025-08-06,134538.0
2025-08-07,136528.0
2025-08-08,135913.0
2025-08-11,135623.0
2025-08-12,137914.0
2025-08-13,136687.0
2025-08-14,136356.0
2025-08-15,136341.0
2025-08-18,137322.0
2025-08-19,134432.0
2025-08-20,134667.0
2025-08-21,134511.0
2025-08-22,137968.0
2025-08-25,138025.0
2025-08-26,137771.0
2025-08-27,139206.0
2025-08-28,141049.0
2025-08-29,141422.0
2025-09-01,141125.0
2025-09-02,140335.0
2025-09-03,139864.0
2025-09-04,140993.0
2025-09-05,142640.0
2025-09-08,141792.0
2025-09-09,141618.0
2025-09-10,142349.0
2025-09-11,143151.0
2025-09-12,142272.0
2025-09-15,143547.0
2025-09-16,144062.0
2025-09-17,145594.0
2025-09-18,145500.0
2025-09-19,145865.0
2025-09-22,145109.0
2025-09-23,146425.0
2025-09-24,146492.0
2025-09-25,145306.0
2025-09-26,145447.0
2025-09-29,146337.0
2025-09-30,146237.0
2025-10-01,145517.0
2025-10-02,143950.0
2025-10-03,144201.0
2025-10-06,143608.0
2025-10-07,141356.0
2025-10-08,142145.0
2025-10-09,141708.0
2025-10-10,140680.0
2025-10-13,141783.0
2025-10-14,141683.0
2025-10-15,142604.0
2025-10-16,142200.0
2025-10-17,143399.0
2025-10-20,144509.0
2025-10-21,144085.0
2025-10-22,144873.0
2025-10-23,145721.0
2025-10-24,146172.0
2025-10-27,146969.0
2025-10-28,147429.0
2025-10-29,148633.0
2025-10-30,148780.0
2025-10-31,149540.0
2025-11-03,150454.0
2025-11-04,150704.0
2025-11-05,153294.0
2025-11-06,153339.0
2025-11-07,154064.0
2025-11-10,155257.0
2025-11-11,157749.0
2025-11-12,157633.0
2025-11-13,157162.0
2025-11-14,157739.0
2025-11-17,156993.0
2025-11-18,156522.0
2025-11-19,155381.0
2025-11-21,154770.0
2025-11-24,155278.0
2025-11-25,155910.0
2025-11-26,158555.0
2025-11-27,158292.0
2025-11-28,159072.0
2025-12-01,158611.0
2025-12-02,161092.0
2025-12-03,161755.0
2025-12-04,164456.0
2025-12-05,157369.0
2025-12-08,158187.0
2025-12-09,157981.0
2025-12-10,159075.0
2025-12-11,159189.0
2025-12-12,160766.0
2025-12-15,162482.0
2025-12-16,158578.0
2025-12-17,157327.0
2025-12-18,157923.0
2025-12-19,158473.0
2025-12-22,158142.0
2025-12-23,160456.0
2025-12-26,160897.0
2025-12-29,160490.0
2025-12-30,161125.0
